fold_id,state_date,actual_family,source_predicted_family,source_actual_family_rank,source_actual_family_probability,source_top1_probability,source_top2_probability,source_top3_probability,source_second_third_probability_gap,source_entropy,source_normalised_entropy,source_top1_hit,source_top2_hit,source_top3_hit,source_soft_brier,source_soft_log_loss,rolling_frequency_predicted_family,rolling_frequency_actual_family_rank,rolling_frequency_actual_family_probability,rolling_frequency_top1_hit,rolling_frequency_top2_hit,rolling_frequency_top3_hit,rolling_frequency_soft_brier,rolling_frequency_soft_log_loss,previous_actual_family,next_actual_family,transition_month,one_month_before_transition,one_month_after_transition,adjacent_family_miss,miss_depth,state_context,confidence_context,adjacency_context,dimension_attribution,dimension_disagreement,source_brier_improvement,source_log_loss_improvement
fold_01,2022-08-31,inflationary_expansion,benign_expansion,4,0.0078125,0.541015625,0.2744140625,0.1767578125,0.09765625,1.0314225931645595,0.6408588894272067,False,False,False,0.47902177881311486,3.2171905673299643,inflationary_expansion,1,0.5,True,True,True,0.013888888888888892,1.091315951499513,,inflationary_expansion,False,False,False,,rank_four_or_five_deep_miss,stable_state_month,moderate_confidence,adjacency_unavailable,unavailable_from_frozen_v036_evidence,False,-0.46513288992422597,-2.125874615830451
fold_01,2022-09-30,inflationary_expansion,contraction,4,0.1533203125,0.3759765625,0.2900390625,0.1669921875,0.123046875,1.3718634158128793,0.8523866656888209,False,False,False,0.3109879670319734,1.7145806481158687,mixed,2,0.25,False,True,True,0.14351851851851855,1.4124683690435313,inflationary_expansion,benign_expansion,False,True,False,,rank_four_or_five_deep_miss,stable_state_month,low_confidence,adjacency_unavailable,unavailable_from_frozen_v036_evidence,False,-0.16746944851345485,-0.3021122790723374
fold_01,2022-10-31,benign_expansion,benign_expansion,1,0.5009765625,0.5009765625,0.27734375,0.1689453125,0.1083984375,1.1575511253524082,0.7192269527202436,True,True,True,0.2335212377854335,0.811971988281238,mixed,4,0.16666666666666666,False,False,False,0.6682098765432098,1.7147431158325055,inflationary_expansion,benign_expansion,True,False,False,,top2_hit,transition_month,moderate_confidence,not_applicable,unavailable_from_frozen_v036_evidence,False,0.43468863875777636,0.9027711275512675
fold_01,2022-11-30,benign_expansion,benign_expansion,1,0.2763671875,0.2763671875,0.2548828125,0.251953125,0.0029296875,1.4547638970637295,0.9038956307817783,True,True,True,0.348807953676242,1.3773210009351493,mixed,4,0.16666666666666666,False,False,False,0.4322702331961591,1.6120546446384394,benign_expansion,benign_expansion,False,False,True,,top2_hit,stable_state_month,low_confidence,not_applicable,unavailable_from_frozen_v036_evidence,False,0.08346227951991708,0.23473364370329008
fold_01,2022-12-31,benign_expansion,contraction,2,0.2373046875,0.619140625,0.2373046875,0.1015625,0.1357421875,1.0165756112643036,0.6316339408998035,False,True,True,0.8094540584234543,1.5327070893921464,inflationary_expansion,4,0.08333333333333333,False,False,False,0.8765432098765431,2.362838617713766,benign_expansion,mixed,False,True,False,,top2_hit,stable_state_month,moderate_confidence,not_applicable,unavailable_from_frozen_v036_evidence,False,0.0670891514530888,0.8301315283216195
fold_01,2023-01-31,mixed,benign_expansion,3,0.2255859375,0.4736328125,0.2744140625,0.2255859375,0.048828125,1.1447541539328958,0.7112757473207396,False,False,True,0.600155719186707,3.706335384549501,inflationary_expansion,2,0.25,False,True,True,0.3628257887517147,1.551483849608402,benign_expansion,contraction,True,True,False,,rank_three_near_miss,transition_month,moderate_confidence,adjacency_unavailable,unavailable_from_frozen_v036_evidence,False,-0.2373299304349923,-2.154851534941099
fold_02,2022-11-30,benign_expansion,benign_expansion,1,0.2763671875,0.2763671875,0.2548828125,0.251953125,0.0029296875,1.4547638970637295,0.9038956307817783,True,True,True,0.348807953676242,1.3773210009351493,mixed,4,0.16666666666666666,False,False,False,0.4322702331961591,1.6120546446384394,benign_expansion,benign_expansion,False,False,True,,top2_hit,stable_state_month,low_confidence,not_applicable,unavailable_from_frozen_v036_evidence,False,0.08346227951991708,0.23473364370329008
fold_02,2022-12-31,benign_expansion,contraction,2,0.2373046875,0.619140625,0.2373046875,0.1015625,0.1357421875,1.0165756112643036,0.6316339408998035,False,True,True,0.8094540584234543,1.5327070893921464,inflationary_expansion,4,0.08333333333333333,False,False,False,0.8765432098765431,2.362838617713766,benign_expansion,mixed,False,True,False,,top2_hit,stable_state_month,moderate_confidence,not_applicable,unavailable_from_frozen_v036_evidence,False,0.0670891514530888,0.8301315283216195
fold_02,2023-01-31,mixed,benign_expansion,3,0.2255859375,0.4736328125,0.2744140625,0.2255859375,0.048828125,1.1447541539328958,0.7112757473207396,False,False,True,0.600155719186707,3.706335384549501,inflationary_expansion,2,0.25,False,True,True,0.3628257887517147,1.551483849608402,benign_expansion,contraction,True,True,False,,rank_three_near_miss,transition_month,moderate_confidence,adjacency_unavailable,unavailable_from_frozen_v036_evidence,False,-0.2373299304349923,-2.154851534941099
fold_02,2023-02-28,contraction,benign_expansion,4,0.1279296875,0.353515625,0.3125,0.1982421875,0.1142578125,1.3528535255670227,0.8405751567769262,False,False,False,1.0224971771240234,2.0562744823983015,inflationary_expansion,5,0.08333333333333333,False,False,False,1.111111111111111,2.4849066497880004,mixed,contraction,True,False,True,,rank_four_or_five_deep_miss,transition_month,low_confidence,adjacency_unavailable,unavailable_from_frozen_v036_evidence,False,0.0886139339870875,0.4286321673896989
fold_02,2023-03-31,contraction,benign_expansion,4,0.1552734375,0.4013671875,0.24609375,0.1923828125,0.0537109375,1.3437256791469119,0.8349037069188164,False,False,False,0.9722557067871094,1.8625676033792216,benign_expansion,5,0.08333333333333333,False,False,False,1.0694444444444442,2.4849066497880004,contraction,benign_expansion,False,True,True,,rank_four_or_five_deep_miss,stable_state_month,moderate_confidence,adjacency_unavailable,unavailable_from_frozen_v036_evidence,False,0.09718873765733482,0.6223390464087788
fold_02,2023-04-30,benign_expansion,benign_expansion,1,0.4267578125,0.4267578125,0.314453125,0.2314453125,0.0830078125,1.1643151809353864,0.723429696753251,True,True,True,0.48180198669433594,0.8515386105038629,benign_expansion,1,0.3333333333333333,True,True,True,0.5694444444444445,1.0986122886681098,contraction,benign_expansion,True,False,False,,top2_hit,transition_month,moderate_confidence,not_applicable,unavailable_from_frozen_v036_evidence,False,0.0876424577501086,0.24707367816424686
fold_03,2023-02-28,contraction,benign_expansion,4,0.1279296875,0.353515625,0.3125,0.1982421875,0.1142578125,1.3528535255670227,0.8405751567769262,False,False,False,1.0224971771240234,2.0562744823983015,inflationary_expansion,5,0.08333333333333333,False,False,False,1.111111111111111,2.4849066497880004,mixed,contraction,True,False,True,,rank_four_or_five_deep_miss,transition_month,low_confidence,adjacency_unavailable,unavailable_from_frozen_v036_evidence,False,0.0886139339870875,0.4286321673896989
fold_03,2023-03-31,contraction,benign_expansion,4,0.1552734375,0.4013671875,0.24609375,0.1923828125,0.0537109375,1.3437256791469119,0.8349037069188164,False,False,False,0.9722557067871094,1.8625676033792216,benign_expansion,5,0.08333333333333333,False,False,False,1.0694444444444442,2.4849066497880004,contraction,benign_expansion,False,True,True,,rank_four_or_five_deep_miss,stable_state_month,moderate_confidence,adjacency_unavailable,unavailable_from_frozen_v036_evidence,False,0.09718873765733482,0.6223390464087788
fold_03,2023-04-30,benign_expansion,benign_expansion,1,0.4267578125,0.4267578125,0.314453125,0.2314453125,0.0830078125,1.1643151809353864,0.723429696753251,True,True,True,0.48180198669433594,0.8515386105038629,benign_expansion,1,0.3333333333333333,True,True,True,0.5694444444444445,1.0986122886681098,contraction,benign_expansion,True,False,False,,top2_hit,transition_month,moderate_confidence,not_applicable,unavailable_from_frozen_v036_evidence,False,0.0876424577501086,0.24707367816424686
fold_03,2023-05-31,benign_expansion,benign_expansion,1,0.3447265625,0.3447265625,0.3115234375,0.1845703125,0.126953125,1.3814872607434192,0.8583662967489498,True,True,True,0.41991518750602813,1.134417197763229,benign_expansion,1,0.3333333333333333,True,True,True,0.39043209876543217,1.1305769633849743,benign_expansion,mixed,False,True,True,,top2_hit,stable_state_month,low_confidence,not_applicable,unavailable_from_frozen_v036_evidence,False,-0.029483088740595964,-0.0038402343782546478
fold_03,2023-06-30,mixed,benign_expansion,3,0.185546875,0.4580078125,0.2744140625,0.185546875,0.0888671875,1.2354672112227953,0.7676389388356617,False,False,True,0.5522842197915326,1.517118345237894,benign_expansion,4,0.16666666666666669,False,False,False,0.5392661179698217,1.6633988802354724,benign_expansion,benign_expansion,True,True,False,,rank_three_miss,transition_month,moderate_confidence,adjacency_unavailable,unavailable_from_frozen_v036_evidence,False,-0.013018101821710926,0.14628053499757843
fold_03,2023-07-31,benign_expansion,benign_expansion,1,0.4150390625,0.4150390625,0.3427734375,0.228515625,0.1142578125,1.127989574312625,0.7008593283394592,True,True,True,0.5120792388916016,0.8793826366750362,benign_expansion,1,0.33333333333333337,True,True,True,0.5694444444444444,1.0986122886681096,mixed,benign_expansion,True,False,True,,top2_hit,transition_month,moderate_confidence,not_applicable,unavailable_from_frozen_v036_evidence,False,0.05736520555284286,0.21922965199307332
fold_04,2023-05-31,benign_expansion,benign_expansion,1,0.3447265625,0.3447265625,0.3115234375,0.1845703125,0.126953125,1.3814872607434192,0.8583662967489498,True,True,True,0.41991518750602813,1.134417197763229,benign_expansion,1,0.3333333333333333,True,True,True,0.39043209876543217,1.1305769633849743,benign_expansion,mixed,False,True,True,,top2_hit,stable_state_month,low_confidence,not_applicable,unavailable_from_frozen_v036_evidence,False,-0.029483088740595964,-0.0038402343782546478
fold_04,2023-06-30,mixed,benign_expansion,3,0.185546875,0.4580078125,0.2744140625,0.185546875,0.0888671875,1.2354672112227953,0.7676389388356617,False,False,True,0.5522842197915326,1.517118345237894,benign_expansion,4,0.16666666666666669,False,False,False,0.5392661179698217,1.6633988802354724,benign_expansion,benign_expansion,True,True,False,,rank_three_miss,transition_month,moderate_confidence,adjacency_unavailable,unavailable_from_frozen_v036_evidence,False,-0.013018101821710926,0.14628053499757843
fold_04,2023-07-31,benign_expansion,benign_expansion,1,0.4150390625,0.4150390625,0.3427734375,0.228515625,0.1142578125,1.127989574312625,0.7008593283394592,True,True,True,0.5120792388916016,0.8793826366750362,benign_expansion,1,0.33333333333333337,True,True,True,0.5694444444444444,1.0986122886681096,mixed,benign_expansion,True,False,True,,top2_hit,transition_month,moderate_confidence,not_applicable,unavailable_from_frozen_v036_evidence,False,0.05736520555284286,0.21922965199307332
fold_04,2023-08-31,benign_expansion,benign_expansion,1,0.513671875,0.513671875,0.306640625,0.1435546875,0.1630859375,1.1108908463758684,0.6902352913358221,True,True,True,0.16009209348995174,1.1383441580317335,benign_expansion,1,0.33333333333333337,True,True,True,0.22650891632373116,1.3553334666532746,benign_expansion,mixed,False,True,True,,top2_hit,stable_state_month,moderate_confidence,not_applicable,unavailable_from_frozen_v036_evidence,False,0.06641682283377942,0.2169893086215411
fold_04,2023-09-30,mixed,contraction,3,0.1494140625,0.43359375,0.359375,0.1494140625,0.2099609375,1.2063037143265254,0.7495186394000883,False,False,True,0.868218622089904,2.029837985371967,benign_expansion,4,0.16666666666666669,False,False,False,0.8024691358024691,1.791759469228055,benign_expansion,benign_expansion,True,True,False,,rank_three_miss,transition_month,moderate_confidence,adjacency_unavailable,unavailable_from_frozen_v036_evidence,False,-0.06574948628743482,-0.23807851614391184
fold_04,2023-10-31,benign_expansion,benign_expansion,1,0.3310546875,0.3310546875,0.275390625,0.20703125,0.068359375,1.4345776319479475,0.8913531990670609,True,True,True,0.25001273920506606,1.4254959797656115,benign_expansion,1,0.5000000000000001,True,True,True,0.13580246913580246,1.1814193088568827,mixed,benign_expansion,True,False,True,,top2_hit,transition_month,low_confidence,not_applicable,unavailable_from_frozen_v036_evidence,False,-0.1142102700692636,-0.24407667090872875
fold_05,2023-08-31,benign_expansion,benign_expansion,1,0.513671875,0.513671875,0.306640625,0.1435546875,0.1630859375,1.1108908463758684,0.6902352913358221,True,True,True,0.16009209348995174,1.1383441580317335,benign_expansion,1,0.33333333333333337,True,True,True,0.22650891632373116,1.3553334666532746,benign_expansion,mixed,False,True,True,,top2_hit,stable_state_month,moderate_confidence,not_applicable,unavailable_from_frozen_v036_evidence,False,0.06641682283377942,0.2169893086215411
fold_05,2023-09-30,mixed,contraction,3,0.1494140625,0.43359375,0.359375,0.1494140625,0.2099609375,1.2063037143265254,0.7495186394000883,False,False,True,0.868218622089904,2.029837985371967,benign_expansion,4,0.16666666666666669,False,False,False,0.8024691358024691,1.791759469228055,benign_expansion,benign_expansion,True,True,False,,rank_three_miss,transition_month,moderate_confidence,adjacency_unavailable,unavailable_from_frozen_v036_evidence,False,-0.06574948628743482,-0.23807851614391184
fold_05,2023-10-31,benign_expansion,benign_expansion,1,0.3310546875,0.3310546875,0.275390625,0.20703125,0.068359375,1.4345776319479475,0.8913531990670609,True,True,True,0.25001273920506606,1.4254959797656115,benign_expansion,1,0.5000000000000001,True,True,True,0.13580246913580246,1.1814193088568827,mixed,benign_expansion,True,False,True,,top2_hit,transition_month,low_confidence,not_applicable,unavailable_from_frozen_v036_evidence,False,-0.1142102700692636,-0.24407667090872875
fold_05,2023-11-30,benign_expansion,benign_expansion,1,0.4384765625,0.4384765625,0.31640625,0.2080078125,0.1083984375,1.188892366049005,0.7387003604574806,True,True,True,0.4597511291503906,0.8244489178571988,benign_expansion,1,0.5000000000000001,True,True,True,0.33333333333333326,0.6931471805599451,benign_expansion,benign_expansion,False,False,True,,top2_hit,stable_state_month,moderate_confidence,not_applicable,unavailable_from_frozen_v036_evidence,False,-0.12641779581705737,-0.1313017372972537
fold_05,2023-12-31,benign_expansion,benign_expansion,1,0.486328125,0.486328125,0.33984375,0.15625,0.18359375,1.0784446538422876,0.670075338421261,True,True,True,0.40407562255859375,0.7208717285748002,benign_expansion,1,0.5833333333333334,True,True,True,0.26388888888888884,0.5389965007326869,benign_expansion,mixed,False,True,False,,top2_hit,stable_state_month,moderate_confidence,not_applicable,unavailable_from_frozen_v036_evidence,False,-0.1401867336697049,-0.1818752278421133
fold_05,2024-01-31,mixed,benign_expansion,3,0.1630859375,0.4755859375,0.3017578125,0.1630859375,0.138671875,1.183764068383097,0.7355139699628315,False,False,True,0.747468689341604,2.950809951497533,benign_expansion,2,0.25,False,True,True,0.6959876543209877,7.218455862188481,benign_expansion,contraction,True,True,False,,rank_three_miss,transition_month,moderate_confidence,adjacency_unavailable,unavailable_from_frozen_v036_evidence,False,-0.051481035020616295,4.267645910690948
fold_06,2023-11-30,benign_expansion,benign_expansion,1,0.4384765625,0.4384765625,0.31640625,0.2080078125,0.1083984375,1.188892366049005,0.7387003604574806,True,True,True,0.4597511291503906,0.8244489178571988,benign_expansion,1,0.5000000000000001,True,True,True,0.33333333333333326,0.6931471805599451,benign_expansion,benign_expansion,False,False,True,,top2_hit,stable_state_month,moderate_confidence,not_applicable,unavailable_from_frozen_v036_evidence,False,-0.12641779581705737,-0.1313017372972537
fold_06,2023-12-31,benign_expansion,benign_expansion,1,0.486328125,0.486328125,0.33984375,0.15625,0.18359375,1.0784446538422876,0.670075338421261,True,True,True,0.40407562255859375,0.7208717285748002,benign_expansion,1,0.5833333333333334,True,True,True,0.26388888888888884,0.5389965007326869,benign_expansion,mixed,False,True,False,,top2_hit,stable_state_month,moderate_confidence,not_applicable,unavailable_from_frozen_v036_evidence,False,-0.1401867336697049,-0.1818752278421133
fold_06,2024-01-31,mixed,benign_expansion,3,0.1630859375,0.4755859375,0.3017578125,0.1630859375,0.138671875,1.183764068383097,0.7355139699628315,False,False,True,0.747468689341604,2.950809951497533,benign_expansion,2,0.25,False,True,True,0.6959876543209877,7.218455862188481,benign_expansion,contraction,True,True,False,,rank_three_miss,transition_month,moderate_confidence,adjacency_unavailable,unavailable_from_frozen_v036_evidence,False,-0.051481035020616295,4.267645910690948
fold_06,2024-02-29,contraction,benign_expansion,3,0.2216796875,0.3193359375,0.244140625,0.2216796875,0.0224609375,1.4407994514689768,0.8952190328920013,False,False,True,0.8055496215820312,1.5065217881180504,benign_expansion,3,0.16666666666666666,False,False,True,1.0972222222222223,1.791759469228055,mixed,contraction,True,False,True,,rank_three_near_miss,transition_month,low_confidence,adjacency_unavailable,unavailable_from_frozen_v036_evidence,False,0.29167260064019107,0.2852376811100046
fold_06,2024-03-31,contraction,contraction,1,0.3759765625,0.3759765625,0.337890625,0.1865234375,0.1513671875,1.3153744392119178,0.817288091109123,True,True,True,0.54608154296875,0.9782284713116689,benign_expansion,3,0.16666666666666666,False,False,True,1.0972222222222223,1.791759469228055,contraction,mixed,False,True,True,,top2_hit,stable_state_month,low_confidence,not_applicable,unavailable_from_frozen_v036_evidence,False,0.5511406792534723,0.8135309979163861
fold_06,2024-04-30,mixed,benign_expansion,2,0.240234375,0.4091796875,0.240234375,0.220703125,0.01953125,1.3307074502108955,0.8268150264947747,False,True,True,0.8087978363037109,1.4261402696670904,benign_expansion,2,0.25,False,True,True,0.9305555555555556,1.3862943611198906,contraction,benign_expansion,True,True,False,,top2_hit,transition_month,moderate_confidence,not_applicable,unavailable_from_frozen_v036_evidence,False,0.12175771925184464,-0.039845908547199826
fold_07,2024-02-29,contraction,benign_expansion,3,0.2216796875,0.3193359375,0.244140625,0.2216796875,0.0224609375,1.4407994514689768,0.8952190328920013,False,False,True,0.8055496215820312,1.5065217881180504,benign_expansion,3,0.16666666666666666,False,False,True,1.0972222222222223,1.791759469228055,mixed,contraction,True,False,True,,rank_three_near_miss,transition_month,low_confidence,adjacency_unavailable,unavailable_from_frozen_v036_evidence,False,0.29167260064019107,0.2852376811100046
fold_07,2024-03-31,contraction,contraction,1,0.3759765625,0.3759765625,0.337890625,0.1865234375,0.1513671875,1.3153744392119178,0.817288091109123,True,True,True,0.54608154296875,0.9782284713116689,benign_expansion,3,0.16666666666666666,False,False,True,1.0972222222222223,1.791759469228055,contraction,mixed,False,True,True,,top2_hit,stable_state_month,low_confidence,not_applicable,unavailable_from_frozen_v036_evidence,False,0.5511406792534723,0.8135309979163861
fold_07,2024-04-30,mixed,benign_expansion,2,0.240234375,0.4091796875,0.240234375,0.220703125,0.01953125,1.3307074502108955,0.8268150264947747,False,True,True,0.8087978363037109,1.4261402696670904,benign_expansion,2,0.25,False,True,True,0.9305555555555556,1.3862943611198906,contraction,benign_expansion,True,True,False,,top2_hit,transition_month,moderate_confidence,not_applicable,unavailable_from_frozen_v036_evidence,False,0.12175771925184464,-0.039845908547199826
fold_07,2024-05-31,benign_expansion,benign_expansion,1,0.4599609375,0.4599609375,0.31640625,0.166015625,0.150390625,1.1954363297750734,0.7427663537309778,True,True,True,0.4223155975341797,0.7766137115830354,benign_expansion,1,0.5833333333333334,True,True,True,0.26388888888888884,0.5389965007326869,mixed,mixed,True,True,True,,top2_hit,transition_month,moderate_confidence,not_applicable,unavailable_from_frozen_v036_evidence,False,-0.15842670864529085,-0.23761721085034848
fold_07,2024-06-30,mixed,contraction,3,0.201171875,0.4033203125,0.380859375,0.201171875,0.1796875,1.121930421286549,0.6970945648905157,False,False,True,0.3817992740207248,1.3908387800318351,benign_expansion,2,0.25,False,True,True,0.2638888888888889,1.1038617409908227,benign_expansion,mixed,True,False,True,,rank_three_miss,transition_month,moderate_confidence,adjacency_unavailable,unavailable_from_frozen_v036_evidence,False,-0.11791038513183588,-0.28697703904101246
fold_07,2024-07-31,mixed,contraction,3,0.228515625,0.46484375,0.2978515625,0.228515625,0.0693359375,1.0957743908834916,0.6808429094516928,False,False,True,0.8235940684670446,1.4663362213065771,benign_expansion,2,0.25,False,True,True,0.8345336076817558,1.3549129588833273,mixed,,False,False,True,,rank_three_miss,stable_state_month,moderate_confidence,adjacency_unavailable,unavailable_from_frozen_v036_evidence,False,0.010939539214711136,-0.11142326242324985
