target_mode,candidate_id,state_date,actual_growth,actual_inflation,actual_labour,growth_lower,growth_upper,inflation_lower,inflation_upper,labour_lower,labour_upper,actual_regime,actual_family,growth_error,inflation_error,labour_error,forecast_growth,forecast_inflation,forecast_labour,forecast_regime,forecast_family,probabilities_json,primary_family,secondary_regime,family_top_probability,family_probability_margin,ambiguity_indicator,alternative_families_json,family_probabilities_json,regime_probabilities_json,threshold_family_consensus,scenario_count,forecast_family_probabilities_json,forecast_top_family,expected_targets,available_targets,complete_state,state_available_date,latest_actual_as_of_date
fixed_horizon_90d,expanding_robust_z__policy__equal__sensitive,2020-02-29,-2.0,-0.3425080071187406,1.234668504625204,-1.16825691570391,1.826971671353625,-1.2361279490840893,0.7882723601576347,-0.9042301759773208,1.7640751163699666,demand_slowdown,contraction,2.3293573778248575,0.08285578521818576,-0.7479079555694046,0.3293573778248575,-0.2596522219005548,0.4867605490557994,disinflationary_expansion,benign_expansion,"{""balanced_expansion"": 0.0859375, ""demand_slowdown"": 0.197265625, ""disinflationary_expansion"": 0.306640625, ""hard_landing_risk"": 0.03515625, ""mixed_transition"": 0.1728515625, ""overheating"": 0.05078125, ""reflation"": 0.1201171875, ""stagflation_risk"": 0.03125}",contraction,demand_slowdown,1.0,1.0,False,[],"{""adverse_supply"": 0.0, ""benign_expansion"": 0.0, ""contraction"": 1.0, ""inflationary_expansion"": 0.0, ""mixed"": 0.0}","{""balanced_expansion"": 0.0, ""demand_slowdown"": 1.0, ""disinflationary_expansion"": 0.0, ""hard_landing_risk"": 0.0, ""mixed_transition"": 0.0, ""overheating"": 0.0, ""reflation"": 0.0, ""stagflation_risk"": 0.0}",True,81,"{""adverse_supply"": 0.03125, ""benign_expansion"": 0.392578125, ""contraction"": 0.232421875, ""inflationary_expansion"": 0.1708984375, ""mixed"": 0.1728515625}",benign_expansion,8,8,True,2020-06-29,2020-06-15
fixed_horizon_90d,expanding_robust_z__policy__equal__sensitive,2020-03-31,-2.0,-2.0,0.0333333335299999,-0.8461286633118275,1.9079263554709196,-1.2840096927936049,0.26765002596337645,0.3987070533786882,0.5243583708963194,demand_slowdown,contraction,2.530898846079546,1.2534057412977302,0.42819937860750396,0.5308988460795461,-0.7465942587022698,0.46153271213750385,disinflationary_expansion,benign_expansion,"{""balanced_expansion"": 0.10546875, ""demand_slowdown"": 0.248046875, ""disinflationary_expansion"": 0.5517578125, ""hard_landing_risk"": 0.0, ""mixed_transition"": 0.05859375, ""overheating"": 0.0107421875, ""reflation"": 0.0234375, ""stagflation_risk"": 0.001953125}",contraction,demand_slowdown,1.0,1.0,False,[],"{""adverse_supply"": 0.0, ""benign_expansion"": 0.0, ""contraction"": 1.0, ""inflationary_expansion"": 0.0, ""mixed"": 0.0}","{""balanced_expansion"": 0.0, ""demand_slowdown"": 1.0, ""disinflationary_expansion"": 0.0, ""hard_landing_risk"": 0.0, ""mixed_transition"": 0.0, ""overheating"": 0.0, ""reflation"": 0.0, ""stagflation_risk"": 0.0}",True,81,"{""adverse_supply"": 0.001953125, ""benign_expansion"": 0.6572265625, ""contraction"": 0.248046875, ""inflationary_expansion"": 0.0341796875, ""mixed"": 0.05859375}",benign_expansion,8,8,True,2020-06-29,2020-06-26
fixed_horizon_90d,expanding_robust_z__policy__equal__sensitive,2020-04-30,-2.0,-2.0,-0.6666666663999999,-2.0,-2.0,-2.0,-1.5622238378399091,-1.226167136338003,0.2630711158430499,hard_landing_risk,contraction,0.0,0.07209676133086318,0.25988716286252167,-2.0,-1.9279032386691368,-0.40677950353747827,demand_slowdown,contraction,"{""balanced_expansion"": 0.0, ""demand_slowdown"": 0.5673828125, ""disinflationary_expansion"": 0.0, ""hard_landing_risk"": 0.4326171875, ""mixed_transition"": 0.0, ""overheating"": 0.0, ""reflation"": 0.0, ""stagflation_risk"": 0.0}",contraction,demand_slowdown,1.0,1.0,False,[],"{""adverse_supply"": 0.0, ""benign_expansion"": 0.0, ""contraction"": 1.0, ""inflationary_expansion"": 0.0, ""mixed"": 0.0}","{""balanced_expansion"": 0.0, ""demand_slowdown"": 0.5555555555555556, ""disinflationary_expansion"": 0.0, ""hard_landing_risk"": 0.4444444444444444, ""mixed_transition"": 0.0, ""overheating"": 0.0, ""reflation"": 0.0, ""stagflation_risk"": 0.0}",True,81,"{""adverse_supply"": 0.0, ""benign_expansion"": 0.0, ""contraction"": 1.0, ""inflationary_expansion"": 0.0, ""mixed"": 0.0}",contraction,8,8,True,2020-09-28,2020-09-15
fixed_horizon_90d,expanding_robust_z__policy__equal__sensitive,2020-05-31,-2.0,-0.8741292779885583,-0.6666666668,-2.0,-2.0,-1.7429035983413346,-0.25956141802747235,-2.0,-0.6666666663999999,hard_landing_risk,contraction,0.0,-0.2901832535278137,-0.7086646321797857,-2.0,-1.164312531516372,-1.3753312989797857,hard_landing_risk,contraction,"{""balanced_expansion"": 0.0, ""demand_slowdown"": 0.0615234375, ""disinflationary_expansion"": 0.0, ""hard_landing_risk"": 0.9384765625, ""mixed_transition"": 0.0, ""overheating"": 0.0, ""reflation"": 0.0, ""stagflation_risk"": 0.0}",contraction,demand_slowdown,1.0,1.0,False,[],"{""adverse_supply"": 0.0, ""benign_expansion"": 0.0, ""contraction"": 1.0, ""inflationary_expansion"": 0.0, ""mixed"": 0.0}","{""balanced_expansion"": 0.0, ""demand_slowdown"": 0.5555555555555556, ""disinflationary_expansion"": 0.0, ""hard_landing_risk"": 0.4444444444444444, ""mixed_transition"": 0.0, ""overheating"": 0.0, ""reflation"": 0.0, ""stagflation_risk"": 0.0}",True,81,"{""adverse_supply"": 0.0, ""benign_expansion"": 0.0, ""contraction"": 1.0, ""inflationary_expansion"": 0.0, ""mixed"": 0.0}",contraction,8,8,True,2020-09-28,2020-09-15
fixed_horizon_90d,expanding_robust_z__policy__equal__sensitive,2020-06-30,-2.0,1.5413860934356414,-0.6666666668,-2.0,-2.0,-1.0624849916462435,0.7398436714983072,-0.6666666668,-0.6666666668,hard_landing_risk,contraction,0.0,-1.6674880941768622,0.0,-2.0,-0.12610200074122088,-0.6666666668,hard_landing_risk,contraction,"{""balanced_expansion"": 0.0, ""demand_slowdown"": 0.0, ""disinflationary_expansion"": 0.0, ""hard_landing_risk"": 1.0, ""mixed_transition"": 0.0, ""overheating"": 0.0, ""reflation"": 0.0, ""stagflation_risk"": 0.0}",adverse_supply,stagflation_risk,0.5555555555555556,0.11111111111111116,True,"[""contraction""]","{""adverse_supply"": 0.5555555555555556, ""benign_expansion"": 0.0, ""contraction"": 0.4444444444444444, ""inflationary_expansion"": 0.0, ""mixed"": 0.0}","{""balanced_expansion"": 0.0, ""demand_slowdown"": 0.0, ""disinflationary_expansion"": 0.0, ""hard_landing_risk"": 0.4444444444444444, ""mixed_transition"": 0.0, ""overheating"": 0.0, ""reflation"": 0.0, ""stagflation_risk"": 0.5555555555555556}",False,81,"{""adverse_supply"": 0.0, ""benign_expansion"": 0.0, ""contraction"": 1.0, ""inflationary_expansion"": 0.0, ""mixed"": 0.0}",contraction,8,8,True,2020-09-28,2020-09-15
fixed_horizon_90d,expanding_robust_z__policy__equal__sensitive,2020-07-31,2.0,2.0,-0.6666666668,2.0,2.0,0.04380775192525714,1.7726835225511501,-0.6666666668,0.3964936446690821,reflation,inflationary_expansion,0.0,-0.8305223910204684,0.0,2.0,1.1694776089795316,-0.6666666668,reflation,inflationary_expansion,"{""balanced_expansion"": 0.0, ""demand_slowdown"": 0.0, ""disinflationary_expansion"": 0.01953125, ""hard_landing_risk"": 0.0, ""mixed_transition"": 0.03515625, ""overheating"": 0.0078125, ""reflation"": 0.9375, ""stagflation_risk"": 0.0}",inflationary_expansion,reflation,1.0,1.0,False,[],"{""adverse_supply"": 0.0, ""benign_expansion"": 0.0, ""contraction"": 0.0, ""inflationary_expansion"": 1.0, ""mixed"": 0.0}","{""balanced_expansion"": 0.0, ""demand_slowdown"": 0.0, ""disinflationary_expansion"": 0.0, ""hard_landing_risk"": 0.0, ""mixed_transition"": 0.0, ""overheating"": 0.0, ""reflation"": 1.0, ""stagflation_risk"": 0.0}",True,81,"{""adverse_supply"": 0.0, ""benign_expansion"": 0.01953125, ""contraction"": 0.0, ""inflationary_expansion"": 0.9453125, ""mixed"": 0.03515625}",inflationary_expansion,8,8,True,2020-12-29,2020-12-15
fixed_horizon_90d,expanding_robust_z__policy__equal__sensitive,2020-08-31,2.0,1.9084137178517495,0.3722078992117051,2.0,2.0,-0.022627177763871673,1.5907821994371911,-2.0,-0.29940880504224066,overheating,inflationary_expansion,0.0,-0.8962661284515696,-1.0388745660117051,2.0,1.01214758940018,-0.6666666668,reflation,inflationary_expansion,"{""balanced_expansion"": 0.0, ""demand_slowdown"": 0.0, ""disinflationary_expansion"": 0.0146484375, ""hard_landing_risk"": 0.0, ""mixed_transition"": 0.056640625, ""overheating"": 0.0712890625, ""reflation"": 0.857421875, ""stagflation_risk"": 0.0}",inflationary_expansion,reflation,1.0,1.0,False,[],"{""adverse_supply"": 0.0, ""benign_expansion"": 0.0, ""contraction"": 0.0, ""inflationary_expansion"": 1.0, ""mixed"": 0.0}","{""balanced_expansion"": 0.0, ""demand_slowdown"": 0.0, ""disinflationary_expansion"": 0.0, ""hard_landing_risk"": 0.0, ""mixed_transition"": 0.0, ""overheating"": 0.3333333333333333, ""reflation"": 0.6666666666666666, ""stagflation_risk"": 0.0}",True,81,"{""adverse_supply"": 0.0, ""benign_expansion"": 0.0146484375, ""contraction"": 0.0, ""inflationary_expansion"": 0.9287109375, ""mixed"": 0.056640625}",inflationary_expansion,8,8,True,2020-12-29,2020-12-15
fixed_horizon_90d,expanding_robust_z__policy__equal__sensitive,2020-09-30,2.0,0.041143889157877214,-0.6666666668,2.0,2.0,-1.1735688130480981,1.088788112904933,-2.0,0.6666666668,mixed_transition,mixed,0.0,-0.050065123625084265,0.0,2.0,-0.008921234467207047,-0.6666666668,mixed_transition,mixed,"{""balanced_expansion"": 0.0, ""demand_slowdown"": 0.0, ""disinflationary_expansion"": 0.2412109375, ""hard_landing_risk"": 0.0, ""mixed_transition"": 0.3251953125, ""overheating"": 0.0556640625, ""reflation"": 0.3779296875, ""stagflation_risk"": 0.0}",mixed,mixed_transition,0.8888888888888888,0.7777777777777777,False,"[""inflationary_expansion""]","{""adverse_supply"": 0.0, ""benign_expansion"": 0.0, ""contraction"": 0.0, ""inflationary_expansion"": 0.1111111111111111, ""mixed"": 0.8888888888888888}","{""balanced_expansion"": 0.0, ""demand_slowdown"": 0.0, ""disinflationary_expansion"": 0.0, ""hard_landing_risk"": 0.0, ""mixed_transition"": 0.8888888888888888, ""overheating"": 0.0, ""reflation"": 0.1111111111111111, ""stagflation_risk"": 0.0}",True,81,"{""adverse_supply"": 0.0, ""benign_expansion"": 0.2412109375, ""contraction"": 0.0, ""inflationary_expansion"": 0.43359375, ""mixed"": 0.3251953125}",inflationary_expansion,8,8,True,2020-12-29,2020-12-23
fixed_horizon_90d,expanding_robust_z__policy__equal__sensitive,2020-10-31,2.0,-1.8299136666892284,-0.6666666668,1.2219696723574027,2.0,-2.0,-0.12572420285294966,-2.0,-0.6666666663999999,disinflationary_expansion,benign_expansion,0.0,0.5557634512774332,-0.7747931119275354,2.0,-1.2741502154117952,-1.4414597787275354,mixed_transition,mixed,"{""balanced_expansion"": 0.0, ""demand_slowdown"": 0.0, ""disinflationary_expansion"": 0.099609375, ""hard_landing_risk"": 0.0, ""mixed_transition"": 0.8662109375, ""overheating"": 0.0, ""reflation"": 0.0341796875, ""stagflation_risk"": 0.0}",mixed,mixed_transition,0.7777777777777778,0.5555555555555556,False,"[""benign_expansion""]","{""adverse_supply"": 0.0, ""benign_expansion"": 0.2222222222222222, ""contraction"": 0.0, ""inflationary_expansion"": 0.0, ""mixed"": 0.7777777777777778}","{""balanced_expansion"": 0.0, ""demand_slowdown"": 0.0, ""disinflationary_expansion"": 0.2222222222222222, ""hard_landing_risk"": 0.0, ""mixed_transition"": 0.7777777777777778, ""overheating"": 0.0, ""reflation"": 0.0, ""stagflation_risk"": 0.0}",False,81,"{""adverse_supply"": 0.0, ""benign_expansion"": 0.099609375, ""contraction"": 0.0, ""inflationary_expansion"": 0.0341796875, ""mixed"": 0.8662109375}",mixed,8,8,True,2021-03-31,2021-03-31
fixed_horizon_90d,expanding_robust_z__policy__equal__sensitive,2020-11-30,2.0,-1.2409926407330145,0.16808136073543783,2.0,2.0,-1.7595657902500086,0.399400713385578,-1.6357669455333648,0.5034703773504898,disinflationary_expansion,benign_expansion,0.0,0.49545485586554794,-0.8347480275354378,2.0,-0.7455377848674666,-0.6666666668,disinflationary_expansion,benign_expansion,"{""balanced_expansion"": 0.0, ""demand_slowdown"": 0.0, ""disinflationary_expansion"": 0.4228515625, ""hard_landing_risk"": 0.0, ""mixed_transition"": 0.423828125, ""overheating"": 0.005859375, ""reflation"": 0.1474609375, ""stagflation_risk"": 0.0}",benign_expansion,disinflationary_expansion,1.0,1.0,False,[],"{""adverse_supply"": 0.0, ""benign_expansion"": 1.0, ""contraction"": 0.0, ""inflationary_expansion"": 0.0, ""mixed"": 0.0}","{""balanced_expansion"": 0.0, ""demand_slowdown"": 0.0, ""disinflationary_expansion"": 1.0, ""hard_landing_risk"": 0.0, ""mixed_transition"": 0.0, ""overheating"": 0.0, ""reflation"": 0.0, ""stagflation_risk"": 0.0}",True,81,"{""adverse_supply"": 0.0, ""benign_expansion"": 0.4228515625, ""contraction"": 0.0, ""inflationary_expansion"": 0.1533203125, ""mixed"": 0.423828125}",mixed,8,8,True,2021-03-31,2021-03-31
fixed_horizon_90d,expanding_robust_z__policy__equal__sensitive,2020-12-31,2.0,0.5405525944035507,-0.6666666663999999,2.0,2.0,-1.4318531887073962,0.7813349099938127,-2.0,1.0206912655356204,reflation,inflationary_expansion,0.0,-0.9174281005200922,-4.000000330961484e-10,2.0,-0.37687550611654147,-0.6666666668,disinflationary_expansion,benign_expansion,"{""balanced_expansion"": 0.0, ""demand_slowdown"": 0.0, ""disinflationary_expansion"": 0.3076171875, ""hard_landing_risk"": 0.0, ""mixed_transition"": 0.4052734375, ""overheating"": 0.0302734375, ""reflation"": 0.2568359375, ""stagflation_risk"": 0.0}",inflationary_expansion,reflation,0.8888888888888888,0.7777777777777777,False,"[""mixed""]","{""adverse_supply"": 0.0, ""benign_expansion"": 0.0, ""contraction"": 0.0, ""inflationary_expansion"": 0.8888888888888888, ""mixed"": 0.1111111111111111}","{""balanced_expansion"": 0.0, ""demand_slowdown"": 0.0, ""disinflationary_expansion"": 0.0, ""hard_landing_risk"": 0.0, ""mixed_transition"": 0.1111111111111111, ""overheating"": 0.0, ""reflation"": 0.8888888888888888, ""stagflation_risk"": 0.0}",True,81,"{""adverse_supply"": 0.0, ""benign_expansion"": 0.3076171875, ""contraction"": 0.0, ""inflationary_expansion"": 0.287109375, ""mixed"": 0.4052734375}",mixed,8,8,True,2021-03-31,2021-03-31
fixed_horizon_90d,expanding_robust_z__policy__equal__sensitive,2021-01-31,2.0,-0.046065349862056904,-0.6755555556879999,-1.3011773489014344,2.0,-0.6895719438909577,1.132738693719003,-2.0,1.0393978305466411,mixed_transition,mixed,-1.4381595706356682,0.50567186040635,-0.5303162837835386,0.5618404293643318,0.45960651054429313,-1.2058718394715384,reflation,inflationary_expansion,"{""balanced_expansion"": 0.0439453125, ""demand_slowdown"": 0.056640625, ""disinflationary_expansion"": 0.0439453125, ""hard_landing_risk"": 0.1474609375, ""mixed_transition"": 0.259765625, ""overheating"": 0.0234375, ""reflation"": 0.396484375, ""stagflation_risk"": 0.0283203125}",mixed,mixed_transition,0.9259259259259259,0.8518518518518519,False,[],"{""adverse_supply"": 0.0, ""benign_expansion"": 0.07407407407407407, ""contraction"": 0.0, ""inflationary_expansion"": 0.0, ""mixed"": 0.9259259259259259}","{""balanced_expansion"": 0.0, ""demand_slowdown"": 0.0, ""disinflationary_expansion"": 0.07407407407407407, ""hard_landing_risk"": 0.0, ""mixed_transition"": 0.9259259259259259, ""overheating"": 0.0, ""reflation"": 0.0, ""stagflation_risk"": 0.0}",True,81,"{""adverse_supply"": 0.0283203125, ""benign_expansion"": 0.087890625, ""contraction"": 0.2041015625, ""inflationary_expansion"": 0.419921875, ""mixed"": 0.259765625}",inflationary_expansion,8,8,True,2021-06-29,2021-06-15
fixed_horizon_90d,expanding_robust_z__policy__equal__sensitive,2021-02-28,2.0,-0.02257572846805081,0.05441631762593457,-2.0,2.0,-1.1809323295504637,0.878762217087282,-2.0,1.0997619932294551,mixed_transition,mixed,-1.0868418891372973,0.026016191272255643,-1.362930219248223,0.9131581108627027,0.003440462804204833,-1.3085139016222886,mixed_transition,mixed,"{""balanced_expansion"": 0.0283203125, ""demand_slowdown"": 0.072265625, ""disinflationary_expansion"": 0.0927734375, ""hard_landing_risk"": 0.125, ""mixed_transition"": 0.349609375, ""overheating"": 0.0185546875, ""reflation"": 0.3017578125, ""stagflation_risk"": 0.01171875}",mixed,mixed_transition,0.8888888888888888,0.7777777777777777,False,"[""benign_expansion""]","{""adverse_supply"": 0.0, ""benign_expansion"": 0.1111111111111111, ""contraction"": 0.0, ""inflationary_expansion"": 0.0, ""mixed"": 0.8888888888888888}","{""balanced_expansion"": 0.0, ""demand_slowdown"": 0.0, ""disinflationary_expansion"": 0.1111111111111111, ""hard_landing_risk"": 0.0, ""mixed_transition"": 0.8888888888888888, ""overheating"": 0.0, ""reflation"": 0.0, ""stagflation_risk"": 0.0}",True,81,"{""adverse_supply"": 0.01171875, ""benign_expansion"": 0.12109375, ""contraction"": 0.197265625, ""inflationary_expansion"": 0.3203125, ""mixed"": 0.349609375}",mixed,8,8,True,2021-06-29,2021-06-15
fixed_horizon_90d,expanding_robust_z__policy__equal__sensitive,2021-03-31,2.0,1.9265924492774495,-0.50000000015,-1.1843617018763686,2.0,-0.46089211488120146,1.1475098509780397,-2.0,0.9256461490277764,reflation,inflationary_expansion,0.0,-1.4271711497251345,-0.8240192379350935,2.0,0.49942129955231507,-1.3240192380850935,reflation,inflationary_expansion,"{""balanced_expansion"": 0.0146484375, ""demand_slowdown"": 0.0126953125, ""disinflationary_expansion"": 0.068359375, ""hard_landing_risk"": 0.0244140625, ""mixed_transition"": 0.2373046875, ""overheating"": 0.0244140625, ""reflation"": 0.6171875, ""stagflation_risk"": 0.0009765625}",inflationary_expansion,reflation,1.0,1.0,False,[],"{""adverse_supply"": 0.0, ""benign_expansion"": 0.0, ""contraction"": 0.0, ""inflationary_expansion"": 1.0, ""mixed"": 0.0}","{""balanced_expansion"": 0.0, ""demand_slowdown"": 0.0, ""disinflationary_expansion"": 0.0, ""hard_landing_risk"": 0.0, ""mixed_transition"": 0.0, ""overheating"": 0.0, ""reflation"": 1.0, ""stagflation_risk"": 0.0}",True,81,"{""adverse_supply"": 0.0009765625, ""benign_expansion"": 0.0830078125, ""contraction"": 0.037109375, ""inflationary_expansion"": 0.6416015625, ""mixed"": 0.2373046875}",inflationary_expansion,8,8,True,2021-06-29,2021-06-25
fixed_horizon_90d,expanding_robust_z__policy__equal__sensitive,2021-04-30,2.0,2.0,0.80000000012,-1.9115998305704762,2.0,-0.6565398945727061,1.4641601295719981,-2.0,-0.3757655026652865,overheating,inflationary_expansion,-0.2826816332166011,-1.4254676535337343,-2.2043647403156412,1.7173183667833989,0.5745323464662657,-1.4043647401956412,reflation,inflationary_expansion,"{""balanced_expansion"": 0.0068359375, ""demand_slowdown"": 0.015625, ""disinflationary_expansion"": 0.0263671875, ""hard_landing_risk"": 0.0615234375, ""mixed_transition"": 0.263671875, ""overheating"": 0.0029296875, ""reflation"": 0.6171875, ""stagflation_risk"": 0.005859375}",inflationary_expansion,overheating,1.0,1.0,False,[],"{""adverse_supply"": 0.0, ""benign_expansion"": 0.0, ""contraction"": 0.0, ""inflationary_expansion"": 1.0, ""mixed"": 0.0}","{""balanced_expansion"": 0.0, ""demand_slowdown"": 0.0, ""disinflationary_expansion"": 0.0, ""hard_landing_risk"": 0.0, ""mixed_transition"": 0.0, ""overheating"": 0.8888888888888888, ""reflation"": 0.1111111111111111, ""stagflation_risk"": 0.0}",True,81,"{""adverse_supply"": 0.005859375, ""benign_expansion"": 0.033203125, ""contraction"": 0.0771484375, ""inflationary_expansion"": 0.6201171875, ""mixed"": 0.263671875}",inflationary_expansion,8,8,True,2021-09-28,2021-09-15
fixed_horizon_90d,expanding_robust_z__policy__equal__sensitive,2021-05-31,2.0,2.0,0.90000000011,-2.0,2.0,0.5211945758424842,2.0,-2.0,0.8817917659043533,overheating,inflationary_expansion,-0.0454507961643178,-0.4928039981381185,-2.1485546140567693,1.9545492038356822,1.5071960018618815,-1.2485546139467691,reflation,inflationary_expansion,"{""balanced_expansion"": 0.001953125, ""demand_slowdown"": 0.00390625, ""disinflationary_expansion"": 0.0009765625, ""hard_landing_risk"": 0.0419921875, ""mixed_transition"": 0.0595703125, ""overheating"": 0.0791015625, ""reflation"": 0.7890625, ""stagflation_risk"": 0.0234375}",inflationary_expansion,overheating,1.0,1.0,False,[],"{""adverse_supply"": 0.0, ""benign_expansion"": 0.0, ""contraction"": 0.0, ""inflationary_expansion"": 1.0, ""mixed"": 0.0}","{""balanced_expansion"": 0.0, ""demand_slowdown"": 0.0, ""disinflationary_expansion"": 0.0, ""hard_landing_risk"": 0.0, ""mixed_transition"": 0.0, ""overheating"": 1.0, ""reflation"": 0.0, ""stagflation_risk"": 0.0}",True,81,"{""adverse_supply"": 0.0234375, ""benign_expansion"": 0.0029296875, ""contraction"": 0.0458984375, ""inflationary_expansion"": 0.8681640625, ""mixed"": 0.0595703125}",inflationary_expansion,8,8,True,2021-09-28,2021-09-15
fixed_horizon_90d,expanding_robust_z__policy__equal__sensitive,2021-06-30,2.0,2.0,0.8666666667799998,-0.5728230927176421,2.0,0.11619010694100425,1.870881830951974,-1.9473091909735127,1.009645544691393,overheating,inflationary_expansion,0.0,-0.6235724912079141,-1.3092078855758973,2.0,1.3764275087920859,-0.4425412187958975,reflation,inflationary_expansion,"{""balanced_expansion"": 0.0087890625, ""demand_slowdown"": 0.0009765625, ""disinflationary_expansion"": 0.0048828125, ""hard_landing_risk"": 0.0009765625, ""mixed_transition"": 0.041015625, ""overheating"": 0.2265625, ""reflation"": 0.71484375, ""stagflation_risk"": 0.001953125}",inflationary_expansion,overheating,1.0,1.0,False,[],"{""adverse_supply"": 0.0, ""benign_expansion"": 0.0, ""contraction"": 0.0, ""inflationary_expansion"": 1.0, ""mixed"": 0.0}","{""balanced_expansion"": 0.0, ""demand_slowdown"": 0.0, ""disinflationary_expansion"": 0.0, ""hard_landing_risk"": 0.0, ""mixed_transition"": 0.0, ""overheating"": 1.0, ""reflation"": 0.0, ""stagflation_risk"": 0.0}",True,81,"{""adverse_supply"": 0.001953125, ""benign_expansion"": 0.013671875, ""contraction"": 0.001953125, ""inflationary_expansion"": 0.94140625, ""mixed"": 0.041015625}",inflationary_expansion,8,8,True,2021-09-28,2021-09-15
fixed_horizon_90d,expanding_robust_z__policy__equal__sensitive,2021-07-31,0.08226970102884934,1.8910618747731285,0.8564681662246795,-2.0,2.0,1.1324567772527796,2.0,-1.8851140894525042,1.1244218553027259,mixed_transition,mixed,1.3338144696148384,-0.12940091996088565,-1.2368142834995686,1.4160841706436877,1.7616609548122428,-0.3803461172748892,reflation,inflationary_expansion,"{""balanced_expansion"": 0.0, ""demand_slowdown"": 0.0, ""disinflationary_expansion"": 0.0, ""hard_landing_risk"": 0.044921875, ""mixed_transition"": 0.078125, ""overheating"": 0.23828125, ""reflation"": 0.5830078125, ""stagflation_risk"": 0.0556640625}",mixed,mixed_transition,0.8888888888888888,0.7777777777777777,False,"[""inflationary_expansion""]","{""adverse_supply"": 0.0, ""benign_expansion"": 0.0, ""contraction"": 0.0, ""inflationary_expansion"": 0.1111111111111111, ""mixed"": 0.8888888888888888}","{""balanced_expansion"": 0.0, ""demand_slowdown"": 0.0, ""disinflationary_expansion"": 0.0, ""hard_landing_risk"": 0.0, ""mixed_transition"": 0.8888888888888888, ""overheating"": 0.0, ""reflation"": 0.1111111111111111, ""stagflation_risk"": 0.0}",True,81,"{""adverse_supply"": 0.0556640625, ""benign_expansion"": 0.0, ""contraction"": 0.044921875, ""inflationary_expansion"": 0.8212890625, ""mixed"": 0.078125}",inflationary_expansion,8,8,True,2021-12-29,2021-12-15
fixed_horizon_90d,expanding_robust_z__policy__equal__sensitive,2021-08-31,0.08226970102884934,0.04924345062310912,0.3140175073642393,-1.3723855356109649,2.0,-0.17764231662543306,0.6457057583248065,-0.9679786749912227,1.295365804276345,balanced_expansion,benign_expansion,1.9177302989711507,0.18478827022657757,-0.40184179328084474,2.0,0.24531578132642637,-0.16500911719122066,reflation,inflationary_expansion,"{""balanced_expansion"": 0.080078125, ""demand_slowdown"": 0.017578125, ""disinflationary_expansion"": 0.1171875, ""hard_landing_risk"": 0.0087890625, ""mixed_transition"": 0.1943359375, ""overheating"": 0.0673828125, ""reflation"": 0.509765625, ""stagflation_risk"": 0.0048828125}",benign_expansion,balanced_expansion,1.0,1.0,False,[],"{""adverse_supply"": 0.0, ""benign_expansion"": 1.0, ""contraction"": 0.0, ""inflationary_expansion"": 0.0, ""mixed"": 0.0}","{""balanced_expansion"": 1.0, ""demand_slowdown"": 0.0, ""disinflationary_expansion"": 0.0, ""hard_landing_risk"": 0.0, ""mixed_transition"": 0.0, ""overheating"": 0.0, ""reflation"": 0.0, ""stagflation_risk"": 0.0}",True,81,"{""adverse_supply"": 0.0048828125, ""benign_expansion"": 0.197265625, ""contraction"": 0.0263671875, ""inflationary_expansion"": 0.5771484375, ""mixed"": 0.1943359375}",inflationary_expansion,8,8,True,2021-12-29,2021-12-15
fixed_horizon_90d,expanding_robust_z__policy__equal__sensitive,2021-09-30,0.08226970102884934,0.02048311084381233,0.4435886110991554,1.859026804312573,2.0,-0.6532292747016728,0.2628342309761777,-0.9339816302300388,1.309081019210815,balanced_expansion,benign_expansion,1.9177302989711507,-0.21568063270655988,-0.41530123036362177,2.0,-0.15720679468461868,0.03112433597236039,disinflationary_expansion,benign_expansion,"{""balanced_expansion"": 0.0, ""demand_slowdown"": 0.0, ""disinflationary_expansion"": 0.435546875, ""hard_landing_risk"": 0.0, ""mixed_transition"": 0.310546875, ""overheating"": 0.017578125, ""reflation"": 0.236328125, ""stagflation_risk"": 0.0}",benign_expansion,balanced_expansion,1.0,1.0,False,[],"{""adverse_supply"": 0.0, ""benign_expansion"": 1.0, ""contraction"": 0.0, ""inflationary_expansion"": 0.0, ""mixed"": 0.0}","{""balanced_expansion"": 1.0, ""demand_slowdown"": 0.0, ""disinflationary_expansion"": 0.0, ""hard_landing_risk"": 0.0, ""mixed_transition"": 0.0, ""overheating"": 0.0, ""reflation"": 0.0, ""stagflation_risk"": 0.0}",True,81,"{""adverse_supply"": 0.0, ""benign_expansion"": 0.435546875, ""contraction"": 0.0, ""inflationary_expansion"": 0.25390625, ""mixed"": 0.310546875}",benign_expansion,8,8,True,2021-12-29,2021-12-23
fixed_horizon_90d,expanding_robust_z__policy__equal__sensitive,2021-10-31,2.0,1.247699154577795,0.6448074968837526,-2.0,2.0,-0.3756548892185275,0.5138046135170304,-0.9187922206900441,1.3465438590101233,overheating,inflationary_expansion,-0.7197368075127386,-1.1786242924285435,-0.6393837634568761,1.2802631924872614,0.1464260617133165,0.07536185762014608,reflation,inflationary_expansion,"{""balanced_expansion"": 0.11328125, ""demand_slowdown"": 0.0888671875, ""disinflationary_expansion"": 0.1552734375, ""hard_landing_risk"": 0.04296875, ""mixed_transition"": 0.203125, ""overheating"": 0.046875, ""reflation"": 0.33203125, ""stagflation_risk"": 0.017578125}",inflationary_expansion,overheating,1.0,1.0,False,[],"{""adverse_supply"": 0.0, ""benign_expansion"": 0.0, ""contraction"": 0.0, ""inflationary_expansion"": 1.0, ""mixed"": 0.0}","{""balanced_expansion"": 0.0, ""demand_slowdown"": 0.0, ""disinflationary_expansion"": 0.0, ""hard_landing_risk"": 0.0, ""mixed_transition"": 0.0, ""overheating"": 0.6666666666666666, ""reflation"": 0.3333333333333333, ""stagflation_risk"": 0.0}",True,81,"{""adverse_supply"": 0.017578125, ""benign_expansion"": 0.2685546875, ""contraction"": 0.1318359375, ""inflationary_expansion"": 0.37890625, ""mixed"": 0.203125}",inflationary_expansion,8,8,True,2022-03-31,2022-03-31
fixed_horizon_90d,expanding_robust_z__policy__equal__sensitive,2021-11-30,2.0,0.9700229877894045,0.5132499361709035,-2.0,2.0,0.2147701435305063,1.123969520137476,-0.7210647192057962,1.3465265463497167,overheating,inflationary_expansion,-0.31857614187661554,-0.3006531559554134,-0.15924808414276848,1.6814238581233845,0.8781493486898233,0.34829909120729174,overheating,inflationary_expansion,"{""balanced_expansion"": 0.0205078125, ""demand_slowdown"": 0.0078125, ""disinflationary_expansion"": 0.0068359375, ""hard_landing_risk"": 0.0126953125, ""mixed_transition"": 0.0732421875, ""overheating"": 0.3564453125, ""reflation"": 0.46875, ""stagflation_risk"": 0.0537109375}",inflationary_expansion,overheating,1.0,1.0,False,[],"{""adverse_supply"": 0.0, ""benign_expansion"": 0.0, ""contraction"": 0.0, ""inflationary_expansion"": 1.0, ""mixed"": 0.0}","{""balanced_expansion"": 0.0, ""demand_slowdown"": 0.0, ""disinflationary_expansion"": 0.0, ""hard_landing_risk"": 0.0, ""mixed_transition"": 0.0, ""overheating"": 0.5555555555555556, ""reflation"": 0.4444444444444444, ""stagflation_risk"": 0.0}",True,81,"{""adverse_supply"": 0.0537109375, ""benign_expansion"": 0.02734375, ""contraction"": 0.0205078125, ""inflationary_expansion"": 0.8251953125, ""mixed"": 0.0732421875}",inflationary_expansion,8,8,True,2022-03-31,2022-03-31
fixed_horizon_90d,expanding_robust_z__policy__equal__sensitive,2021-12-31,2.0,0.9283474496113866,0.5433620763798559,-0.8894464861108196,2.0,-0.004837874630514643,0.8682972390663727,-0.7192242711515765,1.3798612571342377,overheating,inflationary_expansion,0.0,-0.4966177673934576,-0.2122867129271126,2.0,0.5268710109471743,0.44571893512432503,overheating,inflationary_expansion,"{""balanced_expansion"": 0.044921875, ""demand_slowdown"": 0.00390625, ""disinflationary_expansion"": 0.0283203125, ""hard_landing_risk"": 0.001953125, ""mixed_transition"": 0.0908203125, ""overheating"": 0.279296875, ""reflation"": 0.5458984375, ""stagflation_risk"": 0.0048828125}",inflationary_expansion,overheating,1.0,1.0,False,[],"{""adverse_supply"": 0.0, ""benign_expansion"": 0.0, ""contraction"": 0.0, ""inflationary_expansion"": 1.0, ""mixed"": 0.0}","{""balanced_expansion"": 0.0, ""demand_slowdown"": 0.0, ""disinflationary_expansion"": 0.0, ""hard_landing_risk"": 0.0, ""mixed_transition"": 0.0, ""overheating"": 0.5555555555555556, ""reflation"": 0.4444444444444444, ""stagflation_risk"": 0.0}",True,81,"{""adverse_supply"": 0.0048828125, ""benign_expansion"": 0.0732421875, ""contraction"": 0.005859375, ""inflationary_expansion"": 0.8251953125, ""mixed"": 0.0908203125}",inflationary_expansion,8,8,True,2022-03-31,2022-03-31
fixed_horizon_90d,expanding_robust_z__policy__equal__sensitive,2022-01-31,-2.0,0.8671907271927985,0.5394495347015688,-2.0,2.0,-0.2322528105489503,0.6588817474127556,-0.8694877344163331,1.386670062302326,stagflation_risk,adverse_supply,3.0499273082416583,-0.653876258760896,-0.28085837075857234,1.0499273082416583,0.24897265511626848,0.46761310613300866,reflation,inflationary_expansion,"{""balanced_expansion"": 0.1259765625, ""demand_slowdown"": 0.12890625, ""disinflationary_expansion"": 0.107421875, ""hard_landing_risk"": 0.0185546875, ""mixed_transition"": 0.1826171875, ""overheating"": 0.0849609375, ""reflation"": 0.326171875, ""stagflation_risk"": 0.025390625}",adverse_supply,stagflation_risk,0.6666666666666666,0.3333333333333333,False,"[""mixed""]","{""adverse_supply"": 0.6666666666666666, ""benign_expansion"": 0.0, ""contraction"": 0.0, ""inflationary_expansion"": 0.0, ""mixed"": 0.3333333333333333}","{""balanced_expansion"": 0.0, ""demand_slowdown"": 0.0, ""disinflationary_expansion"": 0.0, ""hard_landing_risk"": 0.0, ""mixed_transition"": 0.3333333333333333, ""overheating"": 0.0, ""reflation"": 0.0, ""stagflation_risk"": 0.6666666666666666}",False,81,"{""adverse_supply"": 0.025390625, ""benign_expansion"": 0.2333984375, ""contraction"": 0.1474609375, ""inflationary_expansion"": 0.4111328125, ""mixed"": 0.1826171875}",inflationary_expansion,8,8,True,2022-06-29,2022-06-15
fixed_horizon_90d,expanding_robust_z__policy__equal__sensitive,2022-02-28,-2.0,0.48156165402230633,0.15860496227061666,-2.0,2.0,0.150367413006353,0.9898424737499367,-0.9543972088920298,0.8343515720903398,mixed_transition,mixed,3.8642374065096066,0.08854328935583855,-0.4176335824466193,1.8642374065096066,0.5954485976702854,-0.27278166969670997,reflation,inflationary_expansion,"{""balanced_expansion"": 0.083984375, ""demand_slowdown"": 0.0185546875, ""disinflationary_expansion"": 0.013671875, ""hard_landing_risk"": 0.0234375, ""mixed_transition"": 0.0703125, ""overheating"": 0.111328125, ""reflation"": 0.6552734375, ""stagflation_risk"": 0.0234375}",mixed,mixed_transition,0.7777777777777778,0.6666666666666667,False,"[""adverse_supply"", ""contraction""]","{""adverse_supply"": 0.1111111111111111, ""benign_expansion"": 0.0, ""contraction"": 0.1111111111111111, ""inflationary_expansion"": 0.0, ""mixed"": 0.7777777777777778}","{""balanced_expansion"": 0.0, ""demand_slowdown"": 0.1111111111111111, ""disinflationary_expansion"": 0.0, ""hard_landing_risk"": 0.0, ""mixed_transition"": 0.7777777777777778, ""overheating"": 0.0, ""reflation"": 0.0, ""stagflation_risk"": 0.1111111111111111}",True,81,"{""adverse_supply"": 0.0234375, ""benign_expansion"": 0.09765625, ""contraction"": 0.0419921875, ""inflationary_expansion"": 0.7666015625, ""mixed"": 0.0703125}",inflationary_expansion,8,8,True,2022-06-29,2022-06-15
fixed_horizon_90d,expanding_robust_z__policy__equal__sensitive,2022-03-31,-2.0,0.7044000770586006,0.3647540335941637,-1.1796516750238935,2.0,-0.19802402912673456,0.6543378893486397,-0.7374243976514447,1.315590324867595,stagflation_risk,adverse_supply,4.0,-0.4762431469476481,-0.07567106998608863,2.0,0.19682380540972422,0.4443271699950868,reflation,inflationary_expansion,"{""balanced_expansion"": 0.0654296875, ""demand_slowdown"": 0.025390625, ""disinflationary_expansion"": 0.1552734375, ""hard_landing_risk"": 0.0009765625, ""mixed_transition"": 0.208984375, ""overheating"": 0.1025390625, ""reflation"": 0.4375, ""stagflation_risk"": 0.00390625}",mixed,mixed_transition,0.5555555555555556,0.11111111111111116,True,"[""adverse_supply""]","{""adverse_supply"": 0.4444444444444444, ""benign_expansion"": 0.0, ""contraction"": 0.0, ""inflationary_expansion"": 0.0, ""mixed"": 0.5555555555555556}","{""balanced_expansion"": 0.0, ""demand_slowdown"": 0.0, ""disinflationary_expansion"": 0.0, ""hard_landing_risk"": 0.0, ""mixed_transition"": 0.5555555555555556, ""overheating"": 0.0, ""reflation"": 0.0, ""stagflation_risk"": 0.4444444444444444}",False,81,"{""adverse_supply"": 0.00390625, ""benign_expansion"": 0.220703125, ""contraction"": 0.0263671875, ""inflationary_expansion"": 0.5400390625, ""mixed"": 0.208984375}",inflationary_expansion,8,8,True,2022-06-29,2022-06-29
fixed_horizon_90d,expanding_robust_z__policy__equal__sensitive,2022-04-30,-2.0,0.058997238078483644,0.1432402646992154,-2.0,2.0,0.035571350032139515,0.8669361122327045,-0.9205262440540599,1.460726843272611,demand_slowdown,contraction,3.659518603275336,0.4016267087178155,0.12058044141998453,1.6595186032753362,0.42791833871618556,0.4352107954083665,reflation,inflationary_expansion,"{""balanced_expansion"": 0.09765625, ""demand_slowdown"": 0.04296875, ""disinflationary_expansion"": 0.044921875, ""hard_landing_risk"": 0.0078125, ""mixed_transition"": 0.1259765625, ""overheating"": 0.1982421875, ""reflation"": 0.45703125, ""stagflation_risk"": 0.025390625}",contraction,demand_slowdown,1.0,1.0,False,[],"{""adverse_supply"": 0.0, ""benign_expansion"": 0.0, ""contraction"": 1.0, ""inflationary_expansion"": 0.0, ""mixed"": 0.0}","{""balanced_expansion"": 0.0, ""demand_slowdown"": 1.0, ""disinflationary_expansion"": 0.0, ""hard_landing_risk"": 0.0, ""mixed_transition"": 0.0, ""overheating"": 0.0, ""reflation"": 0.0, ""stagflation_risk"": 0.0}",True,81,"{""adverse_supply"": 0.025390625, ""benign_expansion"": 0.142578125, ""contraction"": 0.05078125, ""inflationary_expansion"": 0.6552734375, ""mixed"": 0.1259765625}",inflationary_expansion,8,8,True,2022-09-28,2022-09-15
fixed_horizon_90d,expanding_robust_z__policy__equal__sensitive,2022-05-31,-2.0,0.6729961831996714,0.15612916242965347,-2.0,2.0,-0.35074578121784056,0.5042771007285689,-0.8727098122105583,1.3235172870289067,stagflation_risk,adverse_supply,3.269258563589816,-0.5962305234443073,-0.17857197601630026,1.269258563589816,0.06191053796796099,0.17729204890297728,mixed_transition,mixed,"{""balanced_expansion"": 0.1220703125, ""demand_slowdown"": 0.1044921875, ""disinflationary_expansion"": 0.2099609375, ""hard_landing_risk"": 0.029296875, ""mixed_transition"": 0.2119140625, ""overheating"": 0.037109375, ""reflation"": 0.2724609375, ""stagflation_risk"": 0.0126953125}",mixed,mixed_transition,0.5555555555555556,0.11111111111111116,True,"[""adverse_supply""]","{""adverse_supply"": 0.4444444444444444, ""benign_expansion"": 0.0, ""contraction"": 0.0, ""inflationary_expansion"": 0.0, ""mixed"": 0.5555555555555556}","{""balanced_expansion"": 0.0, ""demand_slowdown"": 0.0, ""disinflationary_expansion"": 0.0, ""hard_landing_risk"": 0.0, ""mixed_transition"": 0.5555555555555556, ""overheating"": 0.0, ""reflation"": 0.0, ""stagflation_risk"": 0.4444444444444444}",False,81,"{""adverse_supply"": 0.0126953125, ""benign_expansion"": 0.33203125, ""contraction"": 0.1337890625, ""inflationary_expansion"": 0.3095703125, ""mixed"": 0.2119140625}",benign_expansion,8,8,True,2022-09-28,2022-09-15
fixed_horizon_90d,expanding_robust_z__policy__equal__sensitive,2022-06-30,-2.0,1.4904275681599986,0.08221061801849766,-2.0,2.0,-0.14925652518751464,0.7357047436751567,-0.8687171945051329,1.0725585538187583,stagflation_risk,adverse_supply,3.1903647252206877,-1.1972034589161775,-0.4220626057139881,1.1903647252206877,0.2687326820740025,-0.08091959519931533,reflation,inflationary_expansion,"{""balanced_expansion"": 0.138671875, ""demand_slowdown"": 0.0673828125, ""disinflationary_expansion"": 0.1025390625, ""hard_landing_risk"": 0.033203125, ""mixed_transition"": 0.154296875, ""overheating"": 0.076171875, ""reflation"": 0.4052734375, ""stagflation_risk"": 0.0224609375}",adverse_supply,stagflation_risk,1.0,1.0,False,[],"{""adverse_supply"": 1.0, ""benign_expansion"": 0.0, ""contraction"": 0.0, ""inflationary_expansion"": 0.0, ""mixed"": 0.0}","{""balanced_expansion"": 0.0, ""demand_slowdown"": 0.0, ""disinflationary_expansion"": 0.0, ""hard_landing_risk"": 0.0, ""mixed_transition"": 0.0, ""overheating"": 0.0, ""reflation"": 0.0, ""stagflation_risk"": 1.0}",True,81,"{""adverse_supply"": 0.0224609375, ""benign_expansion"": 0.2412109375, ""contraction"": 0.1005859375, ""inflationary_expansion"": 0.4814453125, ""mixed"": 0.154296875}",inflationary_expansion,8,8,True,2022-09-28,2022-09-15
fixed_horizon_90d,expanding_robust_z__policy__equal__sensitive,2022-07-31,0.8874279038973327,-1.080839158202324,0.4808074629294068,-2.0,2.0,0.41345241714279185,1.2542729855170525,-0.957121820141944,1.0042546561452648,disinflationary_expansion,benign_expansion,-0.34460440852476415,1.9210406320532525,-0.7767879016140097,0.5428234953725686,0.8188646706885799,-0.13646450143477004,reflation,inflationary_expansion,"{""balanced_expansion"": 0.0478515625, ""demand_slowdown"": 0.025390625, ""disinflationary_expansion"": 0.0009765625, ""hard_landing_risk"": 0.083984375, ""mixed_transition"": 0.123046875, ""overheating"": 0.1376953125, ""reflation"": 0.4306640625, ""stagflation_risk"": 0.150390625}",benign_expansion,disinflationary_expansion,1.0,1.0,False,[],"{""adverse_supply"": 0.0, ""benign_expansion"": 1.0, ""contraction"": 0.0, ""inflationary_expansion"": 0.0, ""mixed"": 0.0}","{""balanced_expansion"": 0.0, ""demand_slowdown"": 0.0, ""disinflationary_expansion"": 1.0, ""hard_landing_risk"": 0.0, ""mixed_transition"": 0.0, ""overheating"": 0.0, ""reflation"": 0.0, ""stagflation_risk"": 0.0}",True,81,"{""adverse_supply"": 0.150390625, ""benign_expansion"": 0.048828125, ""contraction"": 0.109375, ""inflationary_expansion"": 0.568359375, ""mixed"": 0.123046875}",inflationary_expansion,8,8,True,2022-12-29,2022-12-15
fixed_horizon_90d,expanding_robust_z__policy__equal__sensitive,2022-08-31,0.8874279038973327,0.4211097015281113,-0.1367455263370409,-2.0,2.0,-1.086522202536437,-0.23623247224550417,-1.0860990290609056,1.3443554285146204,balanced_expansion,benign_expansion,-0.12046302721882896,-1.0824870389190817,-0.035846983335033306,0.7669648766785038,-0.7079521223427343,0.04473828184380417,disinflationary_expansion,benign_expansion,"{""balanced_expansion"": 0.0322265625, ""demand_slowdown"": 0.20703125, ""disinflationary_expansion"": 0.5087890625, ""hard_landing_risk"": 0.0673828125, ""mixed_transition"": 0.1767578125, ""overheating"": 0.0, ""reflation"": 0.0078125, ""stagflation_risk"": 0.0}",inflationary_expansion,reflation,0.5555555555555556,0.33333333333333337,True,"[""benign_expansion"", ""mixed""]","{""adverse_supply"": 0.0, ""benign_expansion"": 0.2222222222222222, ""contraction"": 0.0, ""inflationary_expansion"": 0.5555555555555556, ""mixed"": 0.2222222222222222}","{""balanced_expansion"": 0.2222222222222222, ""demand_slowdown"": 0.0, ""disinflationary_expansion"": 0.0, ""hard_landing_risk"": 0.0, ""mixed_transition"": 0.2222222222222222, ""overheating"": 0.0, ""reflation"": 0.5555555555555556, ""stagflation_risk"": 0.0}",False,81,"{""adverse_supply"": 0.0, ""benign_expansion"": 0.541015625, ""contraction"": 0.2744140625, ""inflationary_expansion"": 0.0078125, ""mixed"": 0.1767578125}",benign_expansion,8,8,True,2022-12-29,2022-12-15
fixed_horizon_90d,expanding_robust_z__policy__equal__sensitive,2022-09-30,0.8874279038973327,0.4288534329167735,0.08413280910724436,-2.0,2.0,-0.46410079622550804,0.41870237479196026,-1.0998073217057585,1.5071635145781186,balanced_expansion,benign_expansion,-0.8354447741219357,-0.4515526436335474,-0.07518927346011428,0.051983129775396986,-0.014374841786850667,0.21707451932576402,balanced_expansion,benign_expansion,"{""balanced_expansion"": 0.1337890625, ""demand_slowdown"": 0.2880859375, ""disinflationary_expansion"": 0.15625, ""hard_landing_risk"": 0.087890625, ""mixed_transition"": 0.1669921875, ""overheating"": 0.0078125, ""reflation"": 0.1455078125, ""stagflation_risk"": 0.013671875}",inflationary_expansion,reflation,0.5555555555555556,0.33333333333333337,True,"[""benign_expansion"", ""mixed""]","{""adverse_supply"": 0.0, ""benign_expansion"": 0.2222222222222222, ""contraction"": 0.0, ""inflationary_expansion"": 0.5555555555555556, ""mixed"": 0.2222222222222222}","{""balanced_expansion"": 0.2222222222222222, ""demand_slowdown"": 0.0, ""disinflationary_expansion"": 0.0, ""hard_landing_risk"": 0.0, ""mixed_transition"": 0.2222222222222222, ""overheating"": 0.0, ""reflation"": 0.5555555555555556, ""stagflation_risk"": 0.0}",False,81,"{""adverse_supply"": 0.013671875, ""benign_expansion"": 0.2900390625, ""contraction"": 0.3759765625, ""inflationary_expansion"": 0.1533203125, ""mixed"": 0.1669921875}",contraction,8,8,True,2022-12-29,2022-12-23
fixed_horizon_90d,expanding_robust_z__policy__equal__sensitive,2022-10-31,0.5415004259201623,-0.16200729070291026,-0.08891520089543,-2.0,2.0,-0.814246373128811,0.0920259833337997,-0.945353387337593,1.5644080425699376,disinflationary_expansion,benign_expansion,0.1436246858355288,-0.19910290419459548,0.31603130318081407,0.6851251117556911,-0.35293392775825183,0.4837483321789868,disinflationary_expansion,benign_expansion,"{""balanced_expansion"": 0.0634765625, ""demand_slowdown"": 0.240234375, ""disinflationary_expansion"": 0.4375, ""hard_landing_risk"": 0.037109375, ""mixed_transition"": 0.1689453125, ""overheating"": 0.0009765625, ""reflation"": 0.0517578125, ""stagflation_risk"": 0.0}",benign_expansion,balanced_expansion,0.8888888888888888,0.7777777777777777,False,"[""mixed""]","{""adverse_supply"": 0.0, ""benign_expansion"": 0.8888888888888888, ""contraction"": 0.0, ""inflationary_expansion"": 0.0, ""mixed"": 0.1111111111111111}","{""balanced_expansion"": 0.5555555555555556, ""demand_slowdown"": 0.0, ""disinflationary_expansion"": 0.3333333333333333, ""hard_landing_risk"": 0.0, ""mixed_transition"": 0.1111111111111111, ""overheating"": 0.0, ""reflation"": 0.0, ""stagflation_risk"": 0.0}",True,81,"{""adverse_supply"": 0.0, ""benign_expansion"": 0.5009765625, ""contraction"": 0.27734375, ""inflationary_expansion"": 0.052734375, ""mixed"": 0.1689453125}",benign_expansion,8,8,True,2023-03-31,2023-03-31
fixed_horizon_90d,expanding_robust_z__policy__equal__sensitive,2022-11-30,0.5415004259201623,-0.4631082047340288,0.11979971804240049,-2.0,2.0,-0.38250997688803734,0.5292536369802353,-1.1363924991619725,1.064211746405906,disinflationary_expansion,benign_expansion,-0.000840025953282808,0.5364800347801278,-0.4968401011809464,0.5406603999668795,0.10463220220257989,-0.20168279853343746,balanced_expansion,benign_expansion,"{""balanced_expansion"": 0.138671875, ""demand_slowdown"": 0.1748046875, ""disinflationary_expansion"": 0.1376953125, ""hard_landing_risk"": 0.080078125, ""mixed_transition"": 0.1943359375, ""overheating"": 0.0185546875, ""reflation"": 0.2333984375, ""stagflation_risk"": 0.0224609375}",benign_expansion,disinflationary_expansion,0.7407407407407407,0.48148148148148145,False,"[""mixed""]","{""adverse_supply"": 0.0, ""benign_expansion"": 0.7407407407407407, ""contraction"": 0.0, ""inflationary_expansion"": 0.0, ""mixed"": 0.25925925925925924}","{""balanced_expansion"": 0.0, ""demand_slowdown"": 0.0, ""disinflationary_expansion"": 0.7407407407407407, ""hard_landing_risk"": 0.0, ""mixed_transition"": 0.25925925925925924, ""overheating"": 0.0, ""reflation"": 0.0, ""stagflation_risk"": 0.0}",False,81,"{""adverse_supply"": 0.0224609375, ""benign_expansion"": 0.2763671875, ""contraction"": 0.2548828125, ""inflationary_expansion"": 0.251953125, ""mixed"": 0.1943359375}",benign_expansion,8,8,True,2023-03-31,2023-03-31
fixed_horizon_90d,expanding_robust_z__policy__equal__sensitive,2022-12-31,0.5415004259201623,-0.06127463911777532,-0.04335662606611084,-2.0,2.0,-0.7162977508711654,0.21898816938521212,-1.1712690633557057,1.0106051454262424,balanced_expansion,benign_expansion,-1.241045705085909,-0.18738015162520133,-0.38038546366759785,-0.6995452791657466,-0.2572279407589725,-0.2847170077642977,demand_slowdown,contraction,"{""balanced_expansion"": 0.099609375, ""demand_slowdown"": 0.3857421875, ""disinflationary_expansion"": 0.1376953125, ""hard_landing_risk"": 0.2333984375, ""mixed_transition"": 0.1015625, ""overheating"": 0.0009765625, ""reflation"": 0.037109375, ""stagflation_risk"": 0.00390625}",benign_expansion,balanced_expansion,0.8888888888888888,0.7777777777777777,False,"[""mixed""]","{""adverse_supply"": 0.0, ""benign_expansion"": 0.8888888888888888, ""contraction"": 0.0, ""inflationary_expansion"": 0.0, ""mixed"": 0.1111111111111111}","{""balanced_expansion"": 0.7777777777777778, ""demand_slowdown"": 0.0, ""disinflationary_expansion"": 0.1111111111111111, ""hard_landing_risk"": 0.0, ""mixed_transition"": 0.1111111111111111, ""overheating"": 0.0, ""reflation"": 0.0, ""stagflation_risk"": 0.0}",True,81,"{""adverse_supply"": 0.00390625, ""benign_expansion"": 0.2373046875, ""contraction"": 0.619140625, ""inflationary_expansion"": 0.0380859375, ""mixed"": 0.1015625}",contraction,8,8,True,2023-03-31,2023-03-31
fixed_horizon_90d,expanding_robust_z__policy__equal__sensitive,2023-01-31,-0.7346080476427801,0.7547413760657321,0.0925322088062468,-2.0,2.0,-0.9798802076916355,-0.03138332011557307,-1.156590165157707,1.2003890360632825,stagflation_risk,adverse_supply,1.3487544387992965,-1.2603731399693365,-0.30220304981095353,0.6141463911565164,-0.505772968164887,-0.011008138136359855,disinflationary_expansion,benign_expansion,"{""balanced_expansion"": 0.056640625, ""demand_slowdown"": 0.2041015625, ""disinflationary_expansion"": 0.4169921875, ""hard_landing_risk"": 0.0703125, ""mixed_transition"": 0.2255859375, ""overheating"": 0.0009765625, ""reflation"": 0.0244140625, ""stagflation_risk"": 0.0009765625}",mixed,mixed_transition,0.5925925925925926,0.18518518518518517,True,"[""adverse_supply""]","{""adverse_supply"": 0.4074074074074074, ""benign_expansion"": 0.0, ""contraction"": 0.0, ""inflationary_expansion"": 0.0, ""mixed"": 0.5925925925925926}","{""balanced_expansion"": 0.0, ""demand_slowdown"": 0.0, ""disinflationary_expansion"": 0.0, ""hard_landing_risk"": 0.0, ""mixed_transition"": 0.5925925925925926, ""overheating"": 0.0, ""reflation"": 0.0, ""stagflation_risk"": 0.4074074074074074}",False,81,"{""adverse_supply"": 0.0009765625, ""benign_expansion"": 0.4736328125, ""contraction"": 0.2744140625, ""inflationary_expansion"": 0.025390625, ""mixed"": 0.2255859375}",benign_expansion,8,8,True,2023-06-29,2023-06-15
fixed_horizon_90d,expanding_robust_z__policy__equal__sensitive,2023-02-28,-0.7346080476427801,0.08975304490354385,-0.2555495567025311,-2.0,2.0,-0.4401780312740682,0.48782625004745556,-0.8696579395215429,1.492297447655583,demand_slowdown,contraction,2.0593179507193096,-0.06592893551685014,0.4842734514999212,1.3247099030765295,0.06684142058396769,0.5007061130776898,mixed_transition,mixed,"{""balanced_expansion"": 0.1376953125, ""demand_slowdown"": 0.111328125, ""disinflationary_expansion"": 0.2158203125, ""hard_landing_risk"": 0.0166015625, ""mixed_transition"": 0.1982421875, ""overheating"": 0.0556640625, ""reflation"": 0.2568359375, ""stagflation_risk"": 0.0078125}",contraction,demand_slowdown,1.0,1.0,False,[],"{""adverse_supply"": 0.0, ""benign_expansion"": 0.0, ""contraction"": 1.0, ""inflationary_expansion"": 0.0, ""mixed"": 0.0}","{""balanced_expansion"": 0.0, ""demand_slowdown"": 1.0, ""disinflationary_expansion"": 0.0, ""hard_landing_risk"": 0.0, ""mixed_transition"": 0.0, ""overheating"": 0.0, ""reflation"": 0.0, ""stagflation_risk"": 0.0}",True,81,"{""adverse_supply"": 0.0078125, ""benign_expansion"": 0.353515625, ""contraction"": 0.1279296875, ""inflationary_expansion"": 0.3125, ""mixed"": 0.1982421875}",benign_expansion,8,8,True,2023-06-29,2023-06-15
fixed_horizon_90d,expanding_robust_z__policy__equal__sensitive,2023-03-31,-0.7346080476427801,-0.30832676512440127,-0.27227684972777805,-2.0,2.0,-0.5971527063669323,0.34494682501414103,-1.1430571205890645,1.398327999235472,demand_slowdown,contraction,1.9465696732016777,0.18222382444800564,0.23172013638600053,1.2119616255588976,-0.09571051779479292,0.14659562132724874,mixed_transition,mixed,"{""balanced_expansion"": 0.0986328125, ""demand_slowdown"": 0.1220703125, ""disinflationary_expansion"": 0.302734375, ""hard_landing_risk"": 0.033203125, ""mixed_transition"": 0.24609375, ""overheating"": 0.0087890625, ""reflation"": 0.18359375, ""stagflation_risk"": 0.0048828125}",contraction,demand_slowdown,1.0,1.0,False,[],"{""adverse_supply"": 0.0, ""benign_expansion"": 0.0, ""contraction"": 1.0, ""inflationary_expansion"": 0.0, ""mixed"": 0.0}","{""balanced_expansion"": 0.0, ""demand_slowdown"": 1.0, ""disinflationary_expansion"": 0.0, ""hard_landing_risk"": 0.0, ""mixed_transition"": 0.0, ""overheating"": 0.0, ""reflation"": 0.0, ""stagflation_risk"": 0.0}",True,81,"{""adverse_supply"": 0.0048828125, ""benign_expansion"": 0.4013671875, ""contraction"": 0.1552734375, ""inflationary_expansion"": 0.1923828125, ""mixed"": 0.24609375}",benign_expansion,8,8,True,2023-06-29,2023-06-29
fixed_horizon_90d,expanding_robust_z__policy__equal__sensitive,2023-04-30,0.04001368971873376,0.07906581365605264,0.11584978745421379,-2.0,2.0,-1.002900085506145,-0.060642143725210734,-1.1680940888470903,0.9751684242039188,balanced_expansion,benign_expansion,0.44683337198236384,-0.6108369282717305,-0.517496372763525,0.4868470617010976,-0.4373547633818557,-0.306240583318553,disinflationary_expansion,benign_expansion,"{""balanced_expansion"": 0.0703125, ""demand_slowdown"": 0.208984375, ""disinflationary_expansion"": 0.3564453125, ""hard_landing_risk"": 0.10546875, ""mixed_transition"": 0.2314453125, ""overheating"": 0.0, ""reflation"": 0.02734375, ""stagflation_risk"": 0.0}",benign_expansion,balanced_expansion,1.0,1.0,False,[],"{""adverse_supply"": 0.0, ""benign_expansion"": 1.0, ""contraction"": 0.0, ""inflationary_expansion"": 0.0, ""mixed"": 0.0}","{""balanced_expansion"": 1.0, ""demand_slowdown"": 0.0, ""disinflationary_expansion"": 0.0, ""hard_landing_risk"": 0.0, ""mixed_transition"": 0.0, ""overheating"": 0.0, ""reflation"": 0.0, ""stagflation_risk"": 0.0}",True,81,"{""adverse_supply"": 0.0, ""benign_expansion"": 0.4267578125, ""contraction"": 0.314453125, ""inflationary_expansion"": 0.02734375, ""mixed"": 0.2314453125}",benign_expansion,8,8,True,2023-09-28,2023-09-15
fixed_horizon_90d,expanding_robust_z__policy__equal__sensitive,2023-05-31,0.04001368971873376,-0.2166367854030692,-0.06686444171859057,-2.0,2.0,-0.6632852666771715,0.32507337311072326,-1.157478504377873,1.4690057983075309,balanced_expansion,benign_expansion,0.4592433193184138,0.047530838619845056,0.11831572556089545,0.49925700903714754,-0.1207098987915305,0.19791617684226656,disinflationary_expansion,benign_expansion,"{""balanced_expansion"": 0.1162109375, ""demand_slowdown"": 0.2294921875, ""disinflationary_expansion"": 0.228515625, ""hard_landing_risk"": 0.08203125, ""mixed_transition"": 0.1845703125, ""overheating"": 0.013671875, ""reflation"": 0.1318359375, ""stagflation_risk"": 0.013671875}",benign_expansion,balanced_expansion,0.8888888888888888,0.7777777777777777,False,"[""mixed""]","{""adverse_supply"": 0.0, ""benign_expansion"": 0.8888888888888888, ""contraction"": 0.0, ""inflationary_expansion"": 0.0, ""mixed"": 0.1111111111111111}","{""balanced_expansion"": 0.7777777777777778, ""demand_slowdown"": 0.0, ""disinflationary_expansion"": 0.1111111111111111, ""hard_landing_risk"": 0.0, ""mixed_transition"": 0.1111111111111111, ""overheating"": 0.0, ""reflation"": 0.0, ""stagflation_risk"": 0.0}",True,81,"{""adverse_supply"": 0.013671875, ""benign_expansion"": 0.3447265625, ""contraction"": 0.3115234375, ""inflationary_expansion"": 0.1455078125, ""mixed"": 0.1845703125}",benign_expansion,8,8,True,2023-09-28,2023-09-15
fixed_horizon_90d,expanding_robust_z__policy__equal__sensitive,2023-06-30,0.04001368971873376,-0.6598652282703117,-0.014230798558035218,-2.0,2.0,-0.8643785432167723,0.147896945596461,-1.145709159322547,1.5214645845559174,mixed_transition,mixed,0.5358457986771388,0.30162442946015605,0.1355624646185828,0.5758594883958725,-0.308263573138841,0.29129250038657756,disinflationary_expansion,benign_expansion,"{""balanced_expansion"": 0.083984375, ""demand_slowdown"": 0.2177734375, ""disinflationary_expansion"": 0.3740234375, ""hard_landing_risk"": 0.056640625, ""mixed_transition"": 0.185546875, ""overheating"": 0.001953125, ""reflation"": 0.0791015625, ""stagflation_risk"": 0.0009765625}",mixed,mixed_transition,0.8148148148148148,0.6296296296296295,False,"[""benign_expansion""]","{""adverse_supply"": 0.0, ""benign_expansion"": 0.18518518518518517, ""contraction"": 0.0, ""inflationary_expansion"": 0.0, ""mixed"": 0.8148148148148148}","{""balanced_expansion"": 0.07407407407407407, ""demand_slowdown"": 0.0, ""disinflationary_expansion"": 0.1111111111111111, ""hard_landing_risk"": 0.0, ""mixed_transition"": 0.8148148148148148, ""overheating"": 0.0, ""reflation"": 0.0, ""stagflation_risk"": 0.0}",True,81,"{""adverse_supply"": 0.0009765625, ""benign_expansion"": 0.4580078125, ""contraction"": 0.2744140625, ""inflationary_expansion"": 0.0810546875, ""mixed"": 0.185546875}",benign_expansion,8,8,True,2023-09-28,2023-09-28
fixed_horizon_90d,expanding_robust_z__policy__equal__sensitive,2023-07-31,2.0,-0.6644175682745787,0.05471246487131623,-2.0,2.0,-1.2540839640037191,-0.22669871124849017,-1.140123998194741,0.7350044904204304,disinflationary_expansion,benign_expansion,-1.5698351537257507,-0.07597376935152589,-0.5241811813702603,0.43016484627424934,-0.6041910345479053,-0.336608078736636,disinflationary_expansion,benign_expansion,"{""balanced_expansion"": 0.0556640625, ""demand_slowdown"": 0.224609375, ""disinflationary_expansion"": 0.359375, ""hard_landing_risk"": 0.1181640625, ""mixed_transition"": 0.228515625, ""overheating"": 0.0, ""reflation"": 0.013671875, ""stagflation_risk"": 0.0}",benign_expansion,disinflationary_expansion,1.0,1.0,False,[],"{""adverse_supply"": 0.0, ""benign_expansion"": 1.0, ""contraction"": 0.0, ""inflationary_expansion"": 0.0, ""mixed"": 0.0}","{""balanced_expansion"": 0.0, ""demand_slowdown"": 0.0, ""disinflationary_expansion"": 1.0, ""hard_landing_risk"": 0.0, ""mixed_transition"": 0.0, ""overheating"": 0.0, ""reflation"": 0.0, ""stagflation_risk"": 0.0}",True,81,"{""adverse_supply"": 0.0, ""benign_expansion"": 0.4150390625, ""contraction"": 0.3427734375, ""inflationary_expansion"": 0.013671875, ""mixed"": 0.228515625}",benign_expansion,8,8,True,2023-12-29,2023-12-15
fixed_horizon_90d,expanding_robust_z__policy__equal__sensitive,2023-08-31,2.0,-0.4693707667081415,-0.45047535060678684,-2.0,2.0,-1.064810720929295,-0.04103310544871128,-1.0753522627186554,1.5015191413227593,disinflationary_expansion,benign_expansion,-1.4518863395186892,-0.0835511464808616,0.6579935060078363,0.5481136604813108,-0.4717092506537019,0.42372480098832493,disinflationary_expansion,benign_expansion,"{""balanced_expansion"": 0.0625, ""demand_slowdown"": 0.26171875, ""disinflationary_expansion"": 0.451171875, ""hard_landing_risk"": 0.044921875, ""mixed_transition"": 0.1435546875, ""overheating"": 0.001953125, ""reflation"": 0.0322265625, ""stagflation_risk"": 0.001953125}",benign_expansion,disinflationary_expansion,0.6296296296296297,0.2592592592592593,False,"[""mixed""]","{""adverse_supply"": 0.0, ""benign_expansion"": 0.6296296296296297, ""contraction"": 0.0, ""inflationary_expansion"": 0.0, ""mixed"": 0.37037037037037035}","{""balanced_expansion"": 0.0, ""demand_slowdown"": 0.0, ""disinflationary_expansion"": 0.6296296296296297, ""hard_landing_risk"": 0.0, ""mixed_transition"": 0.37037037037037035, ""overheating"": 0.0, ""reflation"": 0.0, ""stagflation_risk"": 0.0}",False,81,"{""adverse_supply"": 0.001953125, ""benign_expansion"": 0.513671875, ""contraction"": 0.306640625, ""inflationary_expansion"": 0.0341796875, ""mixed"": 0.1435546875}",benign_expansion,8,8,True,2023-12-29,2023-12-15
fixed_horizon_90d,expanding_robust_z__policy__equal__sensitive,2023-09-30,2.0,0.039608852811388096,-0.3150372670263435,-2.0,2.0,-0.8530177418460645,0.12924195882670447,-1.084943741534474,1.3267412946543524,mixed_transition,mixed,-2.0618123022953236,-0.40149674432106813,0.43593604358628263,-0.06181230229532364,-0.30098254471186137,0.3337250939710984,balanced_expansion,benign_expansion,"{""balanced_expansion"": 0.09375, ""demand_slowdown"": 0.3603515625, ""disinflationary_expansion"": 0.265625, ""hard_landing_risk"": 0.0732421875, ""mixed_transition"": 0.1494140625, ""overheating"": 0.001953125, ""reflation"": 0.044921875, ""stagflation_risk"": 0.0107421875}",mixed,mixed_transition,0.8888888888888888,0.7777777777777777,False,"[""inflationary_expansion""]","{""adverse_supply"": 0.0, ""benign_expansion"": 0.0, ""contraction"": 0.0, ""inflationary_expansion"": 0.1111111111111111, ""mixed"": 0.8888888888888888}","{""balanced_expansion"": 0.0, ""demand_slowdown"": 0.0, ""disinflationary_expansion"": 0.0, ""hard_landing_risk"": 0.0, ""mixed_transition"": 0.8888888888888888, ""overheating"": 0.0, ""reflation"": 0.1111111111111111, ""stagflation_risk"": 0.0}",True,81,"{""adverse_supply"": 0.0107421875, ""benign_expansion"": 0.359375, ""contraction"": 0.43359375, ""inflationary_expansion"": 0.046875, ""mixed"": 0.1494140625}",contraction,8,8,True,2023-12-29,2023-12-22
fixed_horizon_90d,expanding_robust_z__policy__equal__sensitive,2023-10-31,1.1584800296329263,-0.8850806541003486,-0.5456482761701131,-2.0,2.0,-0.5967847421300321,0.4346275231581315,-1.0618552594214947,1.4404317190613403,disinflationary_expansion,benign_expansion,-0.7017265607429581,0.8040020446143984,0.7349365059900359,0.45675346888996815,-0.009027422601947058,0.3995565104033498,balanced_expansion,benign_expansion,"{""balanced_expansion"": 0.125, ""demand_slowdown"": 0.2158203125, ""disinflationary_expansion"": 0.2060546875, ""hard_landing_risk"": 0.0595703125, ""mixed_transition"": 0.1611328125, ""overheating"": 0.029296875, ""reflation"": 0.177734375, ""stagflation_risk"": 0.025390625}",benign_expansion,disinflationary_expansion,0.5555555555555556,0.11111111111111116,True,"[""mixed""]","{""adverse_supply"": 0.0, ""benign_expansion"": 0.5555555555555556, ""contraction"": 0.0, ""inflationary_expansion"": 0.0, ""mixed"": 0.4444444444444444}","{""balanced_expansion"": 0.0, ""demand_slowdown"": 0.0, ""disinflationary_expansion"": 0.5555555555555556, ""hard_landing_risk"": 0.0, ""mixed_transition"": 0.4444444444444444, ""overheating"": 0.0, ""reflation"": 0.0, ""stagflation_risk"": 0.0}",False,81,"{""adverse_supply"": 0.025390625, ""benign_expansion"": 0.3310546875, ""contraction"": 0.275390625, ""inflationary_expansion"": 0.20703125, ""mixed"": 0.1611328125}",benign_expansion,8,8,True,2024-03-30,2024-03-15
fixed_horizon_90d,expanding_robust_z__policy__equal__sensitive,2023-11-30,1.1584800296329263,-0.9492036894794591,-0.11703500725671337,-2.0,2.0,-0.9813766244820152,0.032624809555726525,-1.1912414995241678,0.8687925013055066,disinflationary_expansion,benign_expansion,-0.6569689139089347,0.4748277820163147,-0.18459739574011622,0.5015111157239915,-0.413837774363224,-0.1815760102029495,disinflationary_expansion,benign_expansion,"{""balanced_expansion"": 0.0810546875, ""demand_slowdown"": 0.2294921875, ""disinflationary_expansion"": 0.357421875, ""hard_landing_risk"": 0.0869140625, ""mixed_transition"": 0.2080078125, ""overheating"": 0.0, ""reflation"": 0.0322265625, ""stagflation_risk"": 0.0048828125}",benign_expansion,disinflationary_expansion,1.0,1.0,False,[],"{""adverse_supply"": 0.0, ""benign_expansion"": 1.0, ""contraction"": 0.0, ""inflationary_expansion"": 0.0, ""mixed"": 0.0}","{""balanced_expansion"": 0.0, ""demand_slowdown"": 0.0, ""disinflationary_expansion"": 1.0, ""hard_landing_risk"": 0.0, ""mixed_transition"": 0.0, ""overheating"": 0.0, ""reflation"": 0.0, ""stagflation_risk"": 0.0}",True,81,"{""adverse_supply"": 0.0048828125, ""benign_expansion"": 0.4384765625, ""contraction"": 0.31640625, ""inflationary_expansion"": 0.0322265625, ""mixed"": 0.2080078125}",benign_expansion,8,8,True,2024-03-30,2024-03-15
fixed_horizon_90d,expanding_robust_z__policy__equal__sensitive,2023-12-31,1.1584800296329263,-0.6192510803623152,-0.0619407427064956,-2.0,2.0,-1.1619049547188567,-0.13668187002899362,-1.056493872859443,1.1996230380500348,disinflationary_expansion,benign_expansion,-0.5964335565404131,-0.030042332011609885,0.13350532530179132,0.5620464730925132,-0.5748039467474125,0.2333463983564878,disinflationary_expansion,benign_expansion,"{""balanced_expansion"": 0.0546875, ""demand_slowdown"": 0.2705078125, ""disinflationary_expansion"": 0.431640625, ""hard_landing_risk"": 0.0693359375, ""mixed_transition"": 0.15625, ""overheating"": 0.001953125, ""reflation"": 0.015625, ""stagflation_risk"": 0.0}",benign_expansion,disinflationary_expansion,1.0,1.0,False,[],"{""adverse_supply"": 0.0, ""benign_expansion"": 1.0, ""contraction"": 0.0, ""inflationary_expansion"": 0.0, ""mixed"": 0.0}","{""balanced_expansion"": 0.0, ""demand_slowdown"": 0.0, ""disinflationary_expansion"": 1.0, ""hard_landing_risk"": 0.0, ""mixed_transition"": 0.0, ""overheating"": 0.0, ""reflation"": 0.0, ""stagflation_risk"": 0.0}",True,81,"{""adverse_supply"": 0.0, ""benign_expansion"": 0.486328125, ""contraction"": 0.33984375, ""inflationary_expansion"": 0.017578125, ""mixed"": 0.15625}",benign_expansion,8,8,True,2024-03-30,2024-03-29
fixed_horizon_90d,expanding_robust_z__policy__equal__sensitive,2024-01-31,-0.7569015408958251,0.5152735423001659,0.3637475154856922,-2.0,2.0,-0.9149797239506209,0.0833117112627878,-1.0097014828619038,1.2820679555924464,stagflation_risk,adverse_supply,1.3676439259434718,-0.9311075486440824,-0.22756427912042093,0.6107423850476468,-0.37797812071310605,0.2510136908693811,disinflationary_expansion,benign_expansion,"{""balanced_expansion"": 0.0849609375, ""demand_slowdown"": 0.2421875, ""disinflationary_expansion"": 0.390625, ""hard_landing_risk"": 0.0595703125, ""mixed_transition"": 0.1630859375, ""overheating"": 0.00390625, ""reflation"": 0.0546875, ""stagflation_risk"": 0.0009765625}",mixed,mixed_transition,0.7777777777777778,0.5555555555555556,False,"[""adverse_supply""]","{""adverse_supply"": 0.2222222222222222, ""benign_expansion"": 0.0, ""contraction"": 0.0, ""inflationary_expansion"": 0.0, ""mixed"": 0.7777777777777778}","{""balanced_expansion"": 0.0, ""demand_slowdown"": 0.0, ""disinflationary_expansion"": 0.0, ""hard_landing_risk"": 0.0, ""mixed_transition"": 0.7777777777777778, ""overheating"": 0.0, ""reflation"": 0.0, ""stagflation_risk"": 0.2222222222222222}",False,81,"{""adverse_supply"": 0.0009765625, ""benign_expansion"": 0.4755859375, ""contraction"": 0.3017578125, ""inflationary_expansion"": 0.05859375, ""mixed"": 0.1630859375}",benign_expansion,8,8,True,2024-06-29,2024-06-15
fixed_horizon_90d,expanding_robust_z__policy__equal__sensitive,2024-02-29,-0.7569015408958251,-0.03764014329521299,-0.6811179701260944,-2.0,2.0,-0.5561508939883152,0.45410343335356046,-1.2239346413322874,1.5791415115039782,hard_landing_risk,contraction,1.473718462793963,-0.013383587022164377,0.850801187064737,0.716816921898138,-0.002524103975907254,0.2432201105989582,balanced_expansion,benign_expansion,"{""balanced_expansion"": 0.115234375, ""demand_slowdown"": 0.169921875, ""disinflationary_expansion"": 0.2041015625, ""hard_landing_risk"": 0.0517578125, ""mixed_transition"": 0.1943359375, ""overheating"": 0.03515625, ""reflation"": 0.208984375, ""stagflation_risk"": 0.0205078125}",contraction,demand_slowdown,1.0,1.0,False,[],"{""adverse_supply"": 0.0, ""benign_expansion"": 0.0, ""contraction"": 1.0, ""inflationary_expansion"": 0.0, ""mixed"": 0.0}","{""balanced_expansion"": 0.0, ""demand_slowdown"": 0.5925925925925926, ""disinflationary_expansion"": 0.0, ""hard_landing_risk"": 0.4074074074074074, ""mixed_transition"": 0.0, ""overheating"": 0.0, ""reflation"": 0.0, ""stagflation_risk"": 0.0}",True,81,"{""adverse_supply"": 0.0205078125, ""benign_expansion"": 0.3193359375, ""contraction"": 0.2216796875, ""inflationary_expansion"": 0.244140625, ""mixed"": 0.1943359375}",benign_expansion,8,8,True,2024-06-29,2024-06-15
fixed_horizon_90d,expanding_robust_z__policy__equal__sensitive,2024-03-31,-0.7569015408958251,0.0888003350023283,0.06722820823995487,-2.0,2.0,-0.7199017567813125,0.3146544879303131,-1.35881988041895,1.4050899362691829,demand_slowdown,contraction,0.931834761002055,-0.291423969427828,-0.06948278086769388,0.17493322010622991,-0.17357917210270185,0.06176858773947257,disinflationary_expansion,benign_expansion,"{""balanced_expansion"": 0.11328125, ""demand_slowdown"": 0.2734375, ""disinflationary_expansion"": 0.224609375, ""hard_landing_risk"": 0.1025390625, ""mixed_transition"": 0.1865234375, ""overheating"": 0.013671875, ""reflation"": 0.0732421875, ""stagflation_risk"": 0.0126953125}",contraction,demand_slowdown,1.0,1.0,False,[],"{""adverse_supply"": 0.0, ""benign_expansion"": 0.0, ""contraction"": 1.0, ""inflationary_expansion"": 0.0, ""mixed"": 0.0}","{""balanced_expansion"": 0.0, ""demand_slowdown"": 1.0, ""disinflationary_expansion"": 0.0, ""hard_landing_risk"": 0.0, ""mixed_transition"": 0.0, ""overheating"": 0.0, ""reflation"": 0.0, ""stagflation_risk"": 0.0}",True,81,"{""adverse_supply"": 0.0126953125, ""benign_expansion"": 0.337890625, ""contraction"": 0.3759765625, ""inflationary_expansion"": 0.0869140625, ""mixed"": 0.1865234375}",contraction,8,8,True,2024-06-29,2024-06-28
fixed_horizon_90d,expanding_robust_z__policy__equal__sensitive,2024-04-30,0.9089069606506257,-0.24988138489848077,-0.8796954271224214,-2.0,2.0,-0.8016263980286,0.2644764407149564,-1.382843724911179,1.4613948890266868,mixed_transition,mixed,-0.13109537176360897,-0.018693593758341065,0.9189710091801754,0.7778115888870167,-0.22183094167631234,0.11352660763368208,disinflationary_expansion,benign_expansion,"{""balanced_expansion"": 0.091796875, ""demand_slowdown"": 0.166015625, ""disinflationary_expansion"": 0.3173828125, ""hard_landing_risk"": 0.0546875, ""mixed_transition"": 0.240234375, ""overheating"": 0.0078125, ""reflation"": 0.1162109375, ""stagflation_risk"": 0.005859375}",mixed,mixed_transition,1.0,1.0,False,[],"{""adverse_supply"": 0.0, ""benign_expansion"": 0.0, ""contraction"": 0.0, ""inflationary_expansion"": 0.0, ""mixed"": 1.0}","{""balanced_expansion"": 0.0, ""demand_slowdown"": 0.0, ""disinflationary_expansion"": 0.0, ""hard_landing_risk"": 0.0, ""mixed_transition"": 1.0, ""overheating"": 0.0, ""reflation"": 0.0, ""stagflation_risk"": 0.0}",True,81,"{""adverse_supply"": 0.005859375, ""benign_expansion"": 0.4091796875, ""contraction"": 0.220703125, ""inflationary_expansion"": 0.1240234375, ""mixed"": 0.240234375}",benign_expansion,8,8,True,2024-09-28,2024-09-15
fixed_horizon_90d,expanding_robust_z__policy__equal__sensitive,2024-05-31,0.9089069606506257,-1.044990337242435,-0.25398533524785666,-2.0,2.0,-1.07460569635411,0.05851086841674824,-1.1588627367174276,1.3696263947508642,disinflationary_expansion,benign_expansion,-0.49289957535893336,0.5369429232737541,0.3593671642645749,0.41600738529169234,-0.4563348597141721,0.20481343465364782,disinflationary_expansion,benign_expansion,"{""balanced_expansion"": 0.09375, ""demand_slowdown"": 0.2509765625, ""disinflationary_expansion"": 0.3662109375, ""hard_landing_risk"": 0.0654296875, ""mixed_transition"": 0.166015625, ""overheating"": 0.00390625, ""reflation"": 0.05078125, ""stagflation_risk"": 0.0029296875}",benign_expansion,disinflationary_expansion,1.0,1.0,False,[],"{""adverse_supply"": 0.0, ""benign_expansion"": 1.0, ""contraction"": 0.0, ""inflationary_expansion"": 0.0, ""mixed"": 0.0}","{""balanced_expansion"": 0.0, ""demand_slowdown"": 0.0, ""disinflationary_expansion"": 1.0, ""hard_landing_risk"": 0.0, ""mixed_transition"": 0.0, ""overheating"": 0.0, ""reflation"": 0.0, ""stagflation_risk"": 0.0}",True,81,"{""adverse_supply"": 0.0029296875, ""benign_expansion"": 0.4599609375, ""contraction"": 0.31640625, ""inflationary_expansion"": 0.0546875, ""mixed"": 0.166015625}",benign_expansion,8,8,True,2024-09-28,2024-09-15
fixed_horizon_90d,expanding_robust_z__policy__equal__sensitive,2024-06-30,0.9089069606506257,-0.8716346993520763,-0.6069699745917517,-2.0,2.0,-1.262123291736671,-0.1760790451874361,-1.2640725132149713,0.9449633772481467,disinflationary_expansion,benign_expansion,-0.7480964634016414,0.15253353089002275,0.2850364490086481,0.16081049724898433,-0.6958952913776782,-0.282823192614248,disinflationary_expansion,benign_expansion,"{""balanced_expansion"": 0.0400390625, ""demand_slowdown"": 0.2666015625, ""disinflationary_expansion"": 0.3408203125, ""hard_landing_risk"": 0.13671875, ""mixed_transition"": 0.201171875, ""overheating"": 0.0, ""reflation"": 0.013671875, ""stagflation_risk"": 0.0009765625}",mixed,mixed_transition,0.6666666666666666,0.3333333333333333,False,"[""benign_expansion""]","{""adverse_supply"": 0.0, ""benign_expansion"": 0.3333333333333333, ""contraction"": 0.0, ""inflationary_expansion"": 0.0, ""mixed"": 0.6666666666666666}","{""balanced_expansion"": 0.0, ""demand_slowdown"": 0.0, ""disinflationary_expansion"": 0.3333333333333333, ""hard_landing_risk"": 0.0, ""mixed_transition"": 0.6666666666666666, ""overheating"": 0.0, ""reflation"": 0.0, ""stagflation_risk"": 0.0}",False,81,"{""adverse_supply"": 0.0009765625, ""benign_expansion"": 0.380859375, ""contraction"": 0.4033203125, ""inflationary_expansion"": 0.013671875, ""mixed"": 0.201171875}",contraction,8,8,True,2024-09-28,2024-09-27
fixed_horizon_90d,expanding_robust_z__policy__equal__sensitive,2024-07-31,0.028246300438284144,-0.7774195034448748,-0.8207613405989818,-1.7245303440650812,1.5134427023762287,-1.2857644359147204,-0.2100748353658941,-1.3358759359709511,0.5952750491734786,mixed_transition,mixed,-0.13379012128271053,0.02949986780456748,0.21791506796053361,-0.0922518721757466,-0.7354714853171551,-0.550411656473568,mixed_transition,mixed,"{""balanced_expansion"": 0.0400390625, ""demand_slowdown"": 0.267578125, ""disinflationary_expansion"": 0.2578125, ""hard_landing_risk"": 0.197265625, ""mixed_transition"": 0.228515625, ""overheating"": 0.0009765625, ""reflation"": 0.0078125, ""stagflation_risk"": 0.0}",mixed,mixed_transition,0.9629629629629629,0.9259259259259258,False,[],"{""adverse_supply"": 0.0, ""benign_expansion"": 0.037037037037037035, ""contraction"": 0.0, ""inflationary_expansion"": 0.0, ""mixed"": 0.9629629629629629}","{""balanced_expansion"": 0.0, ""demand_slowdown"": 0.0, ""disinflationary_expansion"": 0.037037037037037035, ""hard_landing_risk"": 0.0, ""mixed_transition"": 0.9629629629629629, ""overheating"": 0.0, ""reflation"": 0.0, ""stagflation_risk"": 0.0}",True,81,"{""adverse_supply"": 0.0, ""benign_expansion"": 0.2978515625, ""contraction"": 0.46484375, ""inflationary_expansion"": 0.0087890625, ""mixed"": 0.228515625}",contraction,8,8,True,2024-12-29,2024-12-15
fixed_horizon_90d,expanding_robust_z__policy__equal__sensitive,2024-08-31,0.028246300438284144,-0.5938584056128889,-0.3293902137001177,-2.0,1.5687036819192657,-1.1830300897684776,-0.1379733603830433,-1.2780014613233703,0.8613079132819981,balanced_expansion,benign_expansion,-0.3216000651436848,-0.0666433194628715,0.12104343967943165,-0.2864051793674042,-0.6466432440685905,-0.14046375209429585,demand_slowdown,contraction,"{""balanced_expansion"": 0.0390625, ""demand_slowdown"": 0.3544921875, ""disinflationary_expansion"": 0.26171875, ""hard_landing_risk"": 0.16796875, ""mixed_transition"": 0.1630859375, ""overheating"": 0.0009765625, ""reflation"": 0.01171875, ""stagflation_risk"": 0.0009765625}",mixed,mixed_transition,0.7407407407407407,0.48148148148148145,False,"[""benign_expansion""]","{""adverse_supply"": 0.0, ""benign_expansion"": 0.25925925925925924, ""contraction"": 0.0, ""inflationary_expansion"": 0.0, ""mixed"": 0.7407407407407407}","{""balanced_expansion"": 0.14814814814814814, ""demand_slowdown"": 0.0, ""disinflationary_expansion"": 0.1111111111111111, ""hard_landing_risk"": 0.0, ""mixed_transition"": 0.7407407407407407, ""overheating"": 0.0, ""reflation"": 0.0, ""stagflation_risk"": 0.0}",False,81,"{""adverse_supply"": 0.0009765625, ""benign_expansion"": 0.30078125, ""contraction"": 0.5224609375, ""inflationary_expansion"": 0.0126953125, ""mixed"": 0.1630859375}",contraction,8,8,True,2024-12-29,2024-12-15
fixed_horizon_90d,expanding_robust_z__policy__equal__sensitive,2024-09-30,0.028246300438284144,-0.2909545234888114,-0.2894275913095687,-2.0,1.6035124361470026,-1.15882352454016,-0.10440385233499838,-1.3251329160983487,0.7264996963775638,balanced_expansion,benign_expansion,-0.3533270170682564,-0.34065916494876775,-0.009889018550823747,-0.3192037230261263,-0.6314703849638422,-0.20733069340958296,demand_slowdown,contraction,"{""balanced_expansion"": 0.0517578125, ""demand_slowdown"": 0.3740234375, ""disinflationary_expansion"": 0.2216796875, ""hard_landing_risk"": 0.1689453125, ""mixed_transition"": 0.171875, ""overheating"": 0.0, ""reflation"": 0.01171875, ""stagflation_risk"": 0.0}",benign_expansion,balanced_expansion,0.8888888888888888,0.7777777777777777,False,"[""mixed""]","{""adverse_supply"": 0.0, ""benign_expansion"": 0.8888888888888888, ""contraction"": 0.0, ""inflationary_expansion"": 0.0, ""mixed"": 0.1111111111111111}","{""balanced_expansion"": 0.7777777777777778, ""demand_slowdown"": 0.0, ""disinflationary_expansion"": 0.1111111111111111, ""hard_landing_risk"": 0.0, ""mixed_transition"": 0.1111111111111111, ""overheating"": 0.0, ""reflation"": 0.0, ""stagflation_risk"": 0.0}",True,81,"{""adverse_supply"": 0.0, ""benign_expansion"": 0.2734375, ""contraction"": 0.54296875, ""inflationary_expansion"": 0.01171875, ""mixed"": 0.171875}",contraction,8,8,True,2024-12-29,2024-12-20
fixed_horizon_90d,expanding_robust_z__policy__equal__sensitive,2024-10-31,-0.16248039817660434,-0.2411901202229968,-0.49116576310966004,-1.9791509594351553,2.0,-1.0162439455388692,0.08694750748323482,-1.265007425173392,0.9013163272803686,balanced_expansion,benign_expansion,0.18216577067374706,-0.22345809880482037,0.30932021416314837,0.02089304245572119,-0.4474305238468627,-0.15308694190876665,balanced_expansion,benign_expansion,"{""balanced_expansion"": 0.0849609375, ""demand_slowdown"": 0.294921875, ""disinflationary_expansion"": 0.2939453125, ""hard_landing_risk"": 0.1240234375, ""mixed_transition"": 0.1611328125, ""overheating"": 0.0029296875, ""reflation"": 0.0341796875, ""stagflation_risk"": 0.00390625}",benign_expansion,balanced_expansion,0.5555555555555556,0.22222222222222227,True,"[""mixed"", ""contraction""]","{""adverse_supply"": 0.0, ""benign_expansion"": 0.5555555555555556, ""contraction"": 0.1111111111111111, ""inflationary_expansion"": 0.0, ""mixed"": 0.3333333333333333}","{""balanced_expansion"": 0.5555555555555556, ""demand_slowdown"": 0.1111111111111111, ""disinflationary_expansion"": 0.0, ""hard_landing_risk"": 0.0, ""mixed_transition"": 0.3333333333333333, ""overheating"": 0.0, ""reflation"": 0.0, ""stagflation_risk"": 0.0}",False,81,"{""adverse_supply"": 0.00390625, ""benign_expansion"": 0.37890625, ""contraction"": 0.4189453125, ""inflationary_expansion"": 0.037109375, ""mixed"": 0.1611328125}",contraction,8,8,True,2025-03-31,2025-03-31
fixed_horizon_90d,expanding_robust_z__policy__equal__sensitive,2024-11-30,-0.16248039817660434,-0.6617392046302683,-0.18869823723112641,-2.0,2.0,-0.8898142189076926,0.23500015557074985,-1.2885909104355249,0.3553188159669926,demand_slowdown,contraction,0.03258847072929058,0.3343321729617969,-0.47830166445732025,-0.11328166901743848,-0.3178869916628606,-0.6051695161112159,balanced_expansion,benign_expansion,"{""balanced_expansion"": 0.0712890625, ""demand_slowdown"": 0.23046875, ""disinflationary_expansion"": 0.1904296875, ""hard_landing_risk"": 0.228515625, ""mixed_transition"": 0.20703125, ""overheating"": 0.0, ""reflation"": 0.0625, ""stagflation_risk"": 0.009765625}",mixed,mixed_transition,0.6296296296296297,0.3703703703703704,False,"[""contraction"", ""benign_expansion""]","{""adverse_supply"": 0.0, ""benign_expansion"": 0.1111111111111111, ""contraction"": 0.25925925925925924, ""inflationary_expansion"": 0.0, ""mixed"": 0.6296296296296297}","{""balanced_expansion"": 0.1111111111111111, ""demand_slowdown"": 0.25925925925925924, ""disinflationary_expansion"": 0.0, ""hard_landing_risk"": 0.0, ""mixed_transition"": 0.6296296296296297, ""overheating"": 0.0, ""reflation"": 0.0, ""stagflation_risk"": 0.0}",False,81,"{""adverse_supply"": 0.009765625, ""benign_expansion"": 0.26171875, ""contraction"": 0.458984375, ""inflationary_expansion"": 0.0625, ""mixed"": 0.20703125}",contraction,8,8,True,2025-03-31,2025-03-31
fixed_horizon_90d,expanding_robust_z__policy__equal__sensitive,2024-12-31,-0.16248039817660434,-0.32580086042193884,-0.4388011273258146,-2.0,2.0,-1.0357828127181214,0.1054470583087124,-1.1566501087194534,1.1413439624133723,balanced_expansion,benign_expansion,-0.16856438757613765,-0.1393670167827657,0.43114805417277424,-0.2937209919304369,-0.4724724074625157,0.1352188222150182,balanced_expansion,benign_expansion,"{""balanced_expansion"": 0.0712890625, ""demand_slowdown"": 0.41015625, ""disinflationary_expansion"": 0.25, ""hard_landing_risk"": 0.1015625, ""mixed_transition"": 0.12890625, ""overheating"": 0.0009765625, ""reflation"": 0.0302734375, ""stagflation_risk"": 0.0068359375}",benign_expansion,balanced_expansion,0.4691358024691358,0.04938271604938271,True,"[""mixed"", ""contraction""]","{""adverse_supply"": 0.0, ""benign_expansion"": 0.4691358024691358, ""contraction"": 0.1111111111111111, ""inflationary_expansion"": 0.0, ""mixed"": 0.41975308641975306}","{""balanced_expansion"": 0.4691358024691358, ""demand_slowdown"": 0.1111111111111111, ""disinflationary_expansion"": 0.0, ""hard_landing_risk"": 0.0, ""mixed_transition"": 0.41975308641975306, ""overheating"": 0.0, ""reflation"": 0.0, ""stagflation_risk"": 0.0}",False,81,"{""adverse_supply"": 0.0068359375, ""benign_expansion"": 0.3212890625, ""contraction"": 0.51171875, ""inflationary_expansion"": 0.03125, ""mixed"": 0.12890625}",contraction,8,8,True,2025-03-31,2025-03-31
fixed_horizon_90d,expanding_robust_z__policy__equal__sensitive,2025-01-31,-1.3128759930510177,0.43899893673353524,-0.17732008793858334,-2.0,2.0,-1.2121398402606185,-0.027323779014768512,-1.1631000433138654,1.032197222988294,mixed_transition,mixed,1.360412455595153,-1.0587307463712288,0.11186867777579779,0.05305666663507378,-0.6218622652339864,0.05776770323800747,mixed_transition,mixed,"{""balanced_expansion"": 0.056640625, ""demand_slowdown"": 0.314453125, ""disinflationary_expansion"": 0.33984375, ""hard_landing_risk"": 0.1025390625, ""mixed_transition"": 0.1513671875, ""overheating"": 0.0009765625, ""reflation"": 0.0302734375, ""stagflation_risk"": 0.00390625}",mixed,mixed_transition,0.7777777777777778,0.6666666666666667,False,"[""adverse_supply"", ""contraction""]","{""adverse_supply"": 0.1111111111111111, ""benign_expansion"": 0.0, ""contraction"": 0.1111111111111111, ""inflationary_expansion"": 0.0, ""mixed"": 0.7777777777777778}","{""balanced_expansion"": 0.0, ""demand_slowdown"": 0.1111111111111111, ""disinflationary_expansion"": 0.0, ""hard_landing_risk"": 0.0, ""mixed_transition"": 0.7777777777777778, ""overheating"": 0.0, ""reflation"": 0.0, ""stagflation_risk"": 0.1111111111111111}",True,81,"{""adverse_supply"": 0.00390625, ""benign_expansion"": 0.396484375, ""contraction"": 0.4169921875, ""inflationary_expansion"": 0.03125, ""mixed"": 0.1513671875}",contraction,8,8,True,2025-06-29,2025-06-15
fixed_horizon_90d,expanding_robust_z__policy__equal__sensitive,2025-02-28,-1.3128759930510177,0.3861245741114127,-0.7929840020040468,-2.0,2.0,-0.5997702580496622,0.6020605943742643,-0.9182289804444803,1.2139938337685887,hard_landing_risk,contraction,1.4550243792613093,-0.3849794059491116,0.940866428666101,0.15141085835330692,0.04368279536864749,0.31403181320151885,balanced_expansion,benign_expansion,"{""balanced_expansion"": 0.119140625, ""demand_slowdown"": 0.2578125, ""disinflationary_expansion"": 0.1904296875, ""hard_landing_risk"": 0.0693359375, ""mixed_transition"": 0.1337890625, ""overheating"": 0.0439453125, ""reflation"": 0.140625, ""stagflation_risk"": 0.044921875}",contraction,hard_landing_risk,0.5555555555555556,0.11111111111111116,True,"[""mixed""]","{""adverse_supply"": 0.0, ""benign_expansion"": 0.0, ""contraction"": 0.5555555555555556, ""inflationary_expansion"": 0.0, ""mixed"": 0.4444444444444444}","{""balanced_expansion"": 0.0, ""demand_slowdown"": 0.0, ""disinflationary_expansion"": 0.0, ""hard_landing_risk"": 0.5555555555555556, ""mixed_transition"": 0.4444444444444444, ""overheating"": 0.0, ""reflation"": 0.0, ""stagflation_risk"": 0.0}",False,81,"{""adverse_supply"": 0.044921875, ""benign_expansion"": 0.3095703125, ""contraction"": 0.3271484375, ""inflationary_expansion"": 0.1845703125, ""mixed"": 0.1337890625}",contraction,8,8,True,2025-06-29,2025-06-15
fixed_horizon_90d,expanding_robust_z__policy__equal__sensitive,2025-03-31,-1.3128759930510177,-1.30369880169583,-0.4407040255937199,-2.0,2.0,-0.8737816844527172,0.36425479664846455,-1.2494124852567292,0.565308640126032,demand_slowdown,contraction,1.356685388169245,1.0489353577937037,-0.04518527993489002,0.049182179255999006,-0.2094576728535834,-0.5642192954783996,balanced_expansion,benign_expansion,"{""balanced_expansion"": 0.09375, ""demand_slowdown"": 0.2119140625, ""disinflationary_expansion"": 0.1865234375, ""hard_landing_risk"": 0.1884765625, ""mixed_transition"": 0.21875, ""overheating"": 0.0009765625, ""reflation"": 0.0888671875, ""stagflation_risk"": 0.0107421875}",contraction,demand_slowdown,1.0,1.0,False,[],"{""adverse_supply"": 0.0, ""benign_expansion"": 0.0, ""contraction"": 1.0, ""inflationary_expansion"": 0.0, ""mixed"": 0.0}","{""balanced_expansion"": 0.0, ""demand_slowdown"": 0.8888888888888888, ""disinflationary_expansion"": 0.0, ""hard_landing_risk"": 0.1111111111111111, ""mixed_transition"": 0.0, ""overheating"": 0.0, ""reflation"": 0.0, ""stagflation_risk"": 0.0}",True,81,"{""adverse_supply"": 0.0107421875, ""benign_expansion"": 0.2802734375, ""contraction"": 0.400390625, ""inflationary_expansion"": 0.08984375, ""mixed"": 0.21875}",contraction,8,8,True,2025-06-29,2025-06-27
fixed_horizon_90d,expanding_robust_z__policy__equal__sensitive,2025-04-30,0.27722524478807414,-0.6658635585862012,-0.8076363513809199,-1.8057592025173685,1.7595909484095542,-1.3716877392722748,-0.18375831156752687,-1.0863848392786297,0.9849177158316237,mixed_transition,mixed,-0.30030937184198137,-0.11185946683369974,0.7569027896574169,-0.023145237674056268,-0.794135403129631,0.030776686226038706,mixed_transition,mixed,"{""balanced_expansion"": 0.0302734375, ""demand_slowdown"": 0.3310546875, ""disinflationary_expansion"": 0.361328125, ""hard_landing_risk"": 0.1103515625, ""mixed_transition"": 0.1513671875, ""overheating"": 0.001953125, ""reflation"": 0.0126953125, ""stagflation_risk"": 0.0009765625}",mixed,mixed_transition,0.8888888888888888,0.7777777777777777,False,"[""benign_expansion""]","{""adverse_supply"": 0.0, ""benign_expansion"": 0.1111111111111111, ""contraction"": 0.0, ""inflationary_expansion"": 0.0, ""mixed"": 0.8888888888888888}","{""balanced_expansion"": 0.0, ""demand_slowdown"": 0.0, ""disinflationary_expansion"": 0.1111111111111111, ""hard_landing_risk"": 0.0, ""mixed_transition"": 0.8888888888888888, ""overheating"": 0.0, ""reflation"": 0.0, ""stagflation_risk"": 0.0}",True,81,"{""adverse_supply"": 0.0009765625, ""benign_expansion"": 0.3916015625, ""contraction"": 0.44140625, ""inflationary_expansion"": 0.0146484375, ""mixed"": 0.1513671875}",contraction,8,8,True,2025-09-28,2025-09-15
fixed_horizon_90d,expanding_robust_z__policy__equal__sensitive,2025-05-31,0.27722524478807414,-0.7043568854567142,-0.3543858439031534,-2.0,1.8063688794689419,-0.8550765936523606,0.3257312437858369,-1.2685440246875117,0.9579985750193101,disinflationary_expansion,benign_expansion,-0.49161558922999327,0.4396842105234523,0.1991131190690526,-0.242320074495643,-0.24405400124048138,-0.12226305545109109,balanced_expansion,benign_expansion,"{""balanced_expansion"": 0.0849609375, ""demand_slowdown"": 0.3203125, ""disinflationary_expansion"": 0.1845703125, ""hard_landing_risk"": 0.1630859375, ""mixed_transition"": 0.1357421875, ""overheating"": 0.0078125, ""reflation"": 0.0859375, ""stagflation_risk"": 0.017578125}",benign_expansion,disinflationary_expansion,0.5555555555555556,0.11111111111111116,True,"[""mixed""]","{""adverse_supply"": 0.0, ""benign_expansion"": 0.5555555555555556, ""contraction"": 0.0, ""inflationary_expansion"": 0.0, ""mixed"": 0.4444444444444444}","{""balanced_expansion"": 0.0, ""demand_slowdown"": 0.0, ""disinflationary_expansion"": 0.5555555555555556, ""hard_landing_risk"": 0.0, ""mixed_transition"": 0.4444444444444444, ""overheating"": 0.0, ""reflation"": 0.0, ""stagflation_risk"": 0.0}",False,81,"{""adverse_supply"": 0.017578125, ""benign_expansion"": 0.26953125, ""contraction"": 0.4833984375, ""inflationary_expansion"": 0.09375, ""mixed"": 0.1357421875}",contraction,8,8,True,2025-09-28,2025-09-15
fixed_horizon_90d,expanding_robust_z__policy__equal__sensitive,2025-06-30,0.27722524478807414,-0.17325652489234009,-0.8433508868933264,-2.0,1.6851105422078778,-0.6505552920313306,0.5924475231135892,-1.3436453595514448,0.5933894591478377,mixed_transition,mixed,-0.6407078842713818,0.1442026404334693,0.433391219185616,-0.4131314568083011,0.014853617684782194,-0.5004097387917903,demand_slowdown,contraction,"{""balanced_expansion"": 0.1142578125, ""demand_slowdown"": 0.23046875, ""disinflationary_expansion"": 0.0966796875, ""hard_landing_risk"": 0.2548828125, ""mixed_transition"": 0.142578125, ""overheating"": 0.001953125, ""reflation"": 0.123046875, ""stagflation_risk"": 0.0361328125}",mixed,mixed_transition,0.8888888888888888,0.7777777777777777,False,"[""benign_expansion""]","{""adverse_supply"": 0.0, ""benign_expansion"": 0.1111111111111111, ""contraction"": 0.0, ""inflationary_expansion"": 0.0, ""mixed"": 0.8888888888888888}","{""balanced_expansion"": 0.037037037037037035, ""demand_slowdown"": 0.0, ""disinflationary_expansion"": 0.07407407407407407, ""hard_landing_risk"": 0.0, ""mixed_transition"": 0.8888888888888888, ""overheating"": 0.0, ""reflation"": 0.0, ""stagflation_risk"": 0.0}",True,81,"{""adverse_supply"": 0.0361328125, ""benign_expansion"": 0.2109375, ""contraction"": 0.4853515625, ""inflationary_expansion"": 0.125, ""mixed"": 0.142578125}",contraction,8,8,True,2025-09-28,2025-09-26
fixed_horizon_90d,expanding_robust_z__policy__equal__sensitive,2025-07-31,0.7139163428150634,-0.2087887288082083,-0.37848466827511973,-1.692007633943516,1.5811253289119531,-0.22220072699900079,1.0731823947482562,-1.282181920218183,0.6729080606656918,disinflationary_expansion,benign_expansion,-0.7693574953308446,0.634279562682836,0.07384773849887422,-0.05399411197532257,0.4701735022612449,-0.35280172199867704,balanced_expansion,benign_expansion,"{""balanced_expansion"": 0.1240234375, ""demand_slowdown"": 0.1357421875, ""disinflationary_expansion"": 0.0595703125, ""hard_landing_risk"": 0.140625, ""mixed_transition"": 0.1611328125, ""overheating"": 0.03515625, ""reflation"": 0.2314453125, ""stagflation_risk"": 0.1123046875}",benign_expansion,disinflationary_expansion,0.5925925925925926,0.18518518518518517,True,"[""mixed""]","{""adverse_supply"": 0.0, ""benign_expansion"": 0.5925925925925926, ""contraction"": 0.0, ""inflationary_expansion"": 0.0, ""mixed"": 0.4074074074074074}","{""balanced_expansion"": 0.14814814814814814, ""demand_slowdown"": 0.0, ""disinflationary_expansion"": 0.4444444444444444, ""hard_landing_risk"": 0.0, ""mixed_transition"": 0.4074074074074074, ""overheating"": 0.0, ""reflation"": 0.0, ""stagflation_risk"": 0.0}",False,81,"{""adverse_supply"": 0.1123046875, ""benign_expansion"": 0.18359375, ""contraction"": 0.2763671875, ""inflationary_expansion"": 0.2666015625, ""mixed"": 0.1611328125}",contraction,8,8,True,2025-12-29,2025-12-23
fixed_horizon_90d,expanding_robust_z__policy__equal__sensitive,2025-08-31,0.7139163428150634,-0.01937701227636944,-0.30919189762217264,-2.0,1.7120373392450736,-0.5684989283306735,0.7852485702649428,-0.884700536339738,0.9980903140570199,balanced_expansion,benign_expansion,-0.8995236974685131,0.12775183324350414,0.3658867864808135,-0.18930889159502992,0.12088172972223915,0.1760959090091473,balanced_expansion,benign_expansion,"{""balanced_expansion"": 0.1298828125, ""demand_slowdown"": 0.2685546875, ""disinflationary_expansion"": 0.111328125, ""hard_landing_risk"": 0.078125, ""mixed_transition"": 0.15234375, ""overheating"": 0.0341796875, ""reflation"": 0.140625, ""stagflation_risk"": 0.0849609375}",benign_expansion,balanced_expansion,0.5555555555555556,0.11111111111111116,True,"[""mixed""]","{""adverse_supply"": 0.0, ""benign_expansion"": 0.5555555555555556, ""contraction"": 0.0, ""inflationary_expansion"": 0.0, ""mixed"": 0.4444444444444444}","{""balanced_expansion"": 0.4444444444444444, ""demand_slowdown"": 0.0, ""disinflationary_expansion"": 0.1111111111111111, ""hard_landing_risk"": 0.0, ""mixed_transition"": 0.4444444444444444, ""overheating"": 0.0, ""reflation"": 0.0, ""stagflation_risk"": 0.0}",False,81,"{""adverse_supply"": 0.0849609375, ""benign_expansion"": 0.2412109375, ""contraction"": 0.3466796875, ""inflationary_expansion"": 0.1748046875, ""mixed"": 0.15234375}",contraction,8,8,True,2025-12-29,2025-12-23
fixed_horizon_90d,expanding_robust_z__policy__equal__sensitive,2025-09-30,0.7139163428150634,-0.3352159330656157,-0.813290014362645,-2.0,1.7789017236939038,-0.7735988248871936,0.6534388902391401,-1.2576223032761908,0.6746909544563124,mixed_transition,mixed,-1.253735842054298,0.275135965741589,0.5218243399527059,-0.5575314985092023,-0.040743295291797245,-0.28432449365333323,demand_slowdown,contraction,"{""balanced_expansion"": 0.095703125, ""demand_slowdown"": 0.3134765625, ""disinflationary_expansion"": 0.0869140625, ""hard_landing_risk"": 0.2255859375, ""mixed_transition"": 0.1396484375, ""overheating"": 0.0107421875, ""reflation"": 0.0859375, ""stagflation_risk"": 0.0419921875}",mixed,mixed_transition,0.8888888888888888,0.7777777777777777,False,"[""benign_expansion""]","{""adverse_supply"": 0.0, ""benign_expansion"": 0.1111111111111111, ""contraction"": 0.0, ""inflationary_expansion"": 0.0, ""mixed"": 0.8888888888888888}","{""balanced_expansion"": 0.0, ""demand_slowdown"": 0.0, ""disinflationary_expansion"": 0.1111111111111111, ""hard_landing_risk"": 0.0, ""mixed_transition"": 0.8888888888888888, ""overheating"": 0.0, ""reflation"": 0.0, ""stagflation_risk"": 0.0}",True,81,"{""adverse_supply"": 0.0419921875, ""benign_expansion"": 0.1826171875, ""contraction"": 0.5390625, ""inflationary_expansion"": 0.0966796875, ""mixed"": 0.1396484375}",contraction,8,8,True,2025-12-29,2025-12-23
fixed_horizon_90d,expanding_robust_z__policy__equal__sensitive,2025-11-30,-0.9455654961823647,-0.5872579448062557,-0.35294191509270534,-2.0,1.1666941291134965,-1.115577610368989,0.36624813672305506,-1.020953112731481,0.8587269573473806,demand_slowdown,contraction,0.4788977718145344,0.21259320798328873,0.27182883740065517,-0.48341550983182646,-0.3516051902917651,0.013188529765664384,demand_slowdown,contraction,"{""balanced_expansion"": 0.1025390625, ""demand_slowdown"": 0.365234375, ""disinflationary_expansion"": 0.1669921875, ""hard_landing_risk"": 0.1640625, ""mixed_transition"": 0.1201171875, ""overheating"": 0.0068359375, ""reflation"": 0.0439453125, ""stagflation_risk"": 0.0302734375}",contraction,demand_slowdown,1.0,1.0,False,[],"{""adverse_supply"": 0.0, ""benign_expansion"": 0.0, ""contraction"": 1.0, ""inflationary_expansion"": 0.0, ""mixed"": 0.0}","{""balanced_expansion"": 0.0, ""demand_slowdown"": 1.0, ""disinflationary_expansion"": 0.0, ""hard_landing_risk"": 0.0, ""mixed_transition"": 0.0, ""overheating"": 0.0, ""reflation"": 0.0, ""stagflation_risk"": 0.0}",True,81,"{""adverse_supply"": 0.0302734375, ""benign_expansion"": 0.26953125, ""contraction"": 0.529296875, ""inflationary_expansion"": 0.05078125, ""mixed"": 0.1201171875}",contraction,8,8,True,2026-03-31,2026-03-31
fixed_horizon_90d,expanding_robust_z__policy__equal__sensitive,2025-12-31,-0.9455654961823647,0.22331389612050884,-1.2507041952287807,-2.0,1.137146723233702,-1.0528278655461631,0.37639599554133313,-0.955376340303836,1.0610429859874115,hard_landing_risk,contraction,0.26165647760923105,-0.5615298311229238,1.3035375180705686,-0.7102313931999646,-0.3219727337656667,0.24375171628415815,demand_slowdown,contraction,"{""balanced_expansion"": 0.1044921875, ""demand_slowdown"": 0.494140625, ""disinflationary_expansion"": 0.134765625, ""hard_landing_risk"": 0.1015625, ""mixed_transition"": 0.091796875, ""overheating"": 0.0068359375, ""reflation"": 0.0361328125, ""stagflation_risk"": 0.0302734375}",contraction,hard_landing_risk,0.9259259259259259,0.8518518518518519,False,[],"{""adverse_supply"": 0.0, ""benign_expansion"": 0.0, ""contraction"": 0.9259259259259259, ""inflationary_expansion"": 0.0, ""mixed"": 0.07407407407407407}","{""balanced_expansion"": 0.0, ""demand_slowdown"": 0.14814814814814814, ""disinflationary_expansion"": 0.0, ""hard_landing_risk"": 0.7777777777777778, ""mixed_transition"": 0.07407407407407407, ""overheating"": 0.0, ""reflation"": 0.0, ""stagflation_risk"": 0.0}",True,81,"{""adverse_supply"": 0.0302734375, ""benign_expansion"": 0.2392578125, ""contraction"": 0.595703125, ""inflationary_expansion"": 0.04296875, ""mixed"": 0.091796875}",contraction,8,8,True,2026-03-31,2026-03-31
