fold_id,policy_id,evaluation_start,evaluation_end,evaluation_months,strongest_baseline,months,dimension_rmse,sign_accuracy,exact_regime_accuracy,family_accuracy,stable_month_accuracy,transition_month_accuracy,actual_transition_count,predicted_transition_count,matched_transition_count,false_transition_count,transition_precision,transition_recall,transition_f1,false_transition_rate,mean_transition_lead_lag,exact_transition_timing_rate,mode_accuracy,persistence_accuracy,strongest_baseline_accuracy,baseline_margin,beats_strongest_baseline,disagreement_months,candidate_wins_disagreement,persistence_wins_disagreement,unique_regimes,maximum_regime_share,normalized_regime_entropy,regime_collapse,brier_score,log_loss,top1_accuracy,mean_top_probability,mean_effective_regimes,policy_score,policy_rank
fold_01,raw_monthly,2022-08-31,2023-01-31,6,training_mode,6,0.7629915966073942,0.3888888888888889,0.3333333333333333,0.6666666666666666,0.3333333333333333,0.3333333333333333,2,5,1,4,0.2,0.5,0.28571428571428575,0.8,0.0,1.0,0.5,0.5,0.5,-0.16666666666666669,False,3,1,2,3,0.5,0.4863826390090817,False,0.9557037353515625,2.8616715555217986,0.16666666666666666,0.37841796875,4.983617125016654,88.125,1
fold_01,hysteresis_thresholds,2022-08-31,2023-01-31,6,training_mode,6,0.7629915966073942,0.3888888888888889,0.3333333333333333,0.6666666666666666,0.3333333333333333,0.3333333333333333,2,2,0,2,0.0,0.0,0.0,1.0,,0.0,0.5,0.5,0.5,-0.16666666666666669,False,3,1,2,2,0.8333333333333334,0.2166741405494514,True,0.9557037353515625,2.8616715555217986,0.16666666666666666,0.37841796875,4.983617125016654,76.875,2
fold_01,one_month_confirmation,2022-08-31,2023-01-31,6,training_mode,6,0.7629915966073942,0.3888888888888889,0.0,0.0,0.0,0.0,2,0,0,0,0.0,0.0,0.0,0.0,,0.0,0.5,0.5,0.5,-0.5,False,6,0,3,1,1.0,0.0,True,0.9557037353515625,2.8616715555217986,0.16666666666666666,0.37841796875,4.983617125016654,42.5,3
fold_01,persistence_prior,2022-08-31,2023-01-31,6,training_mode,6,0.7629915966073942,0.3888888888888889,0.0,0.0,0.0,0.0,2,0,0,0,0.0,0.0,0.0,0.0,,0.0,0.5,0.5,0.5,-0.5,False,6,0,3,1,1.0,0.0,True,1.0749770482381185,3.2924544716142528,0.0,0.4041666666666666,4.66886576867626,42.5,3
fold_02,hysteresis_thresholds,2022-11-30,2023-04-30,6,persistence,6,1.0481620590794127,0.2777777777777778,0.16666666666666666,0.3333333333333333,0.3333333333333333,0.0,3,2,1,1,0.5,0.3333333333333333,0.4,0.5,-2.0,0.0,0.3333333333333333,0.5,0.5,-0.33333333333333337,False,4,0,2,2,0.8333333333333334,0.2166741405494514,True,1.02777099609375,2.9750221246879214,0.0,0.3253580729166667,5.31408229789011,96.87499999999999,1
fold_02,raw_monthly,2022-11-30,2023-04-30,6,persistence,6,1.0481620590794127,0.2777777777777778,0.0,0.3333333333333333,0.0,0.0,3,4,1,3,0.25,0.3333333333333333,0.28571428571428575,0.75,-2.0,0.0,0.3333333333333333,0.5,0.5,-0.5,False,5,0,3,4,0.3333333333333333,0.6394319446848299,False,1.02777099609375,2.9750221246879214,0.0,0.3253580729166667,5.31408229789011,60.62500000000001,2
fold_02,persistence_prior,2022-11-30,2023-04-30,6,persistence,6,1.0481620590794127,0.2777777777777778,0.0,0.0,0.0,0.0,3,0,0,0,0.0,0.0,0.0,0.0,,0.0,0.3333333333333333,0.5,0.5,-0.5,False,6,0,3,1,1.0,0.0,True,1.1480817159016927,3.405805040780376,0.0,0.43262532552083327,4.668433477036944,48.125,3
fold_02,one_month_confirmation,2022-11-30,2023-04-30,6,persistence,6,1.0481620590794127,0.2777777777777778,0.0,0.0,0.0,0.0,3,1,0,1,0.0,0.0,0.0,1.0,,0.0,0.3333333333333333,0.5,0.5,-0.5,False,6,0,3,2,0.6666666666666666,0.3060986113514965,True,1.02777099609375,2.9750221246879214,0.0,0.3253580729166667,5.31408229789011,44.375,4
fold_03,raw_monthly,2023-02-28,2023-07-31,6,training_mode,6,0.8979449422578849,0.5555555555555556,0.5,0.6666666666666666,0.6666666666666666,0.3333333333333333,2,1,1,0,1.0,0.5,0.6666666666666666,0.0,-1.0,0.0,0.5,0.5,0.5,0.0,False,4,1,1,2,0.6666666666666666,0.3060986113514965,True,0.7954200108846029,1.7393689143627649,0.3333333333333333,0.3131510416666667,5.300312894769452,81.875,1
fold_03,hysteresis_thresholds,2023-02-28,2023-07-31,6,training_mode,6,0.8979449422578849,0.5555555555555556,0.5,0.6666666666666666,0.6666666666666666,0.3333333333333333,2,0,0,0,0.0,0.0,0.0,0.0,,0.0,0.5,0.5,0.5,0.0,False,4,1,1,1,1.0,0.0,True,0.7954200108846029,1.7393689143627649,0.3333333333333333,0.3131510416666667,5.300312894769452,69.375,2
fold_03,one_month_confirmation,2023-02-28,2023-07-31,6,training_mode,6,0.8979449422578849,0.5555555555555556,0.5,0.5,0.6666666666666666,0.3333333333333333,2,2,1,1,0.5,0.5,0.5,0.5,0.0,1.0,0.5,0.5,0.5,0.0,False,4,1,1,3,0.5,0.4863826390090817,False,0.7954200108846029,1.7393689143627649,0.3333333333333333,0.3131510416666667,5.300312894769452,68.75,3
fold_03,persistence_prior,2023-02-28,2023-07-31,6,training_mode,6,0.8979449422578849,0.5555555555555556,0.0,0.0,0.0,0.0,2,0,0,0,0.0,0.0,0.0,0.0,,0.0,0.5,0.5,0.5,-0.5,False,6,0,3,1,1.0,0.0,True,0.9925940887133281,2.170151830455219,0.0,0.4250081380208333,4.709900361589603,30.000000000000004,4
fold_04,hysteresis_thresholds,2023-05-31,2023-10-31,6,training_mode,6,0.8343802976617143,0.5555555555555556,0.8333333333333334,0.8333333333333334,1.0,0.6666666666666666,2,0,0,0,0.0,0.0,0.0,0.0,,0.0,0.8333333333333334,0.5,0.8333333333333334,0.0,False,2,2,0,1,1.0,0.0,True,0.638848622639974,1.2932551408231998,0.5,0.3317057291666667,5.255231262248366,85.625,1
fold_04,one_month_confirmation,2023-05-31,2023-10-31,6,training_mode,6,0.8343802976617143,0.5555555555555556,0.6666666666666666,0.8333333333333334,1.0,0.3333333333333333,2,1,0,1,0.0,0.0,0.0,1.0,,0.0,0.8333333333333334,0.5,0.8333333333333334,-0.16666666666666674,False,2,1,0,2,0.8333333333333334,0.2166741405494514,True,0.638848622639974,1.2932551408231998,0.5,0.3317057291666667,5.255231262248366,64.375,2
fold_04,raw_monthly,2023-05-31,2023-10-31,6,training_mode,6,0.8343802976617143,0.5555555555555556,0.6666666666666666,0.8333333333333334,1.0,0.3333333333333333,2,1,0,1,0.0,0.0,0.0,1.0,,0.0,0.8333333333333334,0.5,0.8333333333333334,-0.16666666666666674,False,3,1,0,2,0.6666666666666666,0.3060986113514965,True,0.638848622639974,1.2932551408231998,0.5,0.3317057291666667,5.255231262248366,64.375,2
fold_04,persistence_prior,2023-05-31,2023-10-31,6,training_mode,6,0.8343802976617143,0.5555555555555556,0.0,0.0,0.0,0.0,2,0,0,0,0.0,0.0,0.0,0.0,,0.0,0.8333333333333334,0.5,0.8333333333333334,-0.8333333333333334,False,6,0,3,1,1.0,0.0,True,0.8721596368153889,1.724038056915654,0.0,0.40194498697916664,4.83485577343971,35.625,4
fold_05,hysteresis_thresholds,2023-08-31,2024-01-31,6,training_mode,6,0.8387209939432276,0.5,0.6666666666666666,0.6666666666666666,1.0,0.3333333333333333,3,0,0,0,0.0,0.0,0.0,0.0,,0.0,0.6666666666666666,0.5,0.6666666666666666,0.0,False,1,1,0,1,1.0,0.0,True,0.6354290644327799,1.2605996543337386,0.5,0.3678385416666667,4.945583652602088,81.875,1
fold_05,raw_monthly,2023-08-31,2024-01-31,6,training_mode,6,0.8387209939432276,0.5,0.5,0.6666666666666666,1.0,0.0,3,2,1,1,0.5,0.3333333333333333,0.4,0.5,1.0,0.0,0.6666666666666666,0.5,0.6666666666666666,-0.16666666666666663,False,2,0,0,2,0.6666666666666666,0.3060986113514965,True,0.6354290644327799,1.2605996543337386,0.5,0.3678385416666667,4.945583652602088,76.875,2
fold_05,one_month_confirmation,2023-08-31,2024-01-31,6,training_mode,6,0.8387209939432276,0.5,0.3333333333333333,0.6666666666666666,0.6666666666666666,0.0,3,2,1,1,0.5,0.3333333333333333,0.4,0.5,2.0,0.0,0.6666666666666666,0.5,0.6666666666666666,-0.3333333333333333,False,2,0,1,2,0.6666666666666666,0.3060986113514965,True,0.6354290644327799,1.2605996543337386,0.5,0.3678385416666667,4.945583652602088,60.62500000000001,3
fold_05,persistence_prior,2023-08-31,2024-01-31,6,training_mode,6,0.8387209939432276,0.5,0.0,0.0,0.0,0.0,3,0,0,0,0.0,0.0,0.0,0.0,,0.0,0.6666666666666666,0.5,0.6666666666666666,-0.6666666666666666,False,6,0,3,1,1.0,0.0,True,0.856199899514516,1.6913825704261927,0.0,0.38872070312499996,4.780763959345364,30.625000000000004,4
fold_06,raw_monthly,2023-11-30,2024-04-30,6,persistence,6,0.5830100052204169,0.6111111111111112,0.5,0.5,0.5,0.5,2,2,1,1,0.5,0.5,0.5,0.5,-1.0,0.0,0.5,0.6666666666666666,0.6666666666666666,-0.16666666666666663,False,3,1,2,2,0.8333333333333334,0.2166741405494514,True,0.6280209223429362,1.250631464539859,0.6666666666666666,0.3299153645833333,5.302755236724386,86.25,1
fold_06,hysteresis_thresholds,2023-11-30,2024-04-30,6,persistence,6,0.5830100052204169,0.6111111111111112,0.5,0.5,0.5,0.5,2,0,0,0,0.0,0.0,0.0,0.0,,0.0,0.5,0.6666666666666666,0.6666666666666666,-0.16666666666666663,False,3,1,2,1,1.0,0.0,True,0.6280209223429362,1.250631464539859,0.6666666666666666,0.3299153645833333,5.302755236724386,78.125,2
fold_06,one_month_confirmation,2023-11-30,2024-04-30,6,persistence,6,0.5830100052204169,0.6111111111111112,0.3333333333333333,0.5,0.25,0.5,2,1,0,1,0.0,0.0,0.0,1.0,,0.0,0.5,0.6666666666666666,0.6666666666666666,-0.3333333333333333,False,4,1,3,2,0.8333333333333334,0.2166741405494514,True,0.6280209223429362,1.250631464539859,0.6666666666666666,0.3299153645833333,5.302755236724386,52.49999999999999,3
fold_06,persistence_prior,2023-11-30,2024-04-30,6,persistence,6,0.5830100052204169,0.6111111111111112,0.0,0.0,0.0,0.0,2,0,0,0,0.0,0.0,0.0,0.0,,0.0,0.5,0.6666666666666666,0.6666666666666666,-0.6666666666666666,False,6,0,4,1,1.0,0.0,True,0.8674368214607239,1.6814143806323134,0.0,0.40427246093749997,4.8521690382443445,33.125,4
fold_07,raw_monthly,2024-02-29,2024-07-31,6,persistence,6,0.4791064262033311,0.7222222222222222,0.6666666666666666,0.6666666666666666,0.5,1.0,2,2,2,0,1.0,1.0,1.0,0.0,-0.5,0.5,0.5,0.6666666666666666,0.6666666666666666,0.0,False,4,2,2,3,0.6666666666666666,0.4172097224626076,False,0.6494140625,1.2956402808921104,0.6666666666666666,0.2957356770833333,5.346531471706405,95.625,1
fold_07,hysteresis_thresholds,2024-02-29,2024-07-31,6,persistence,6,0.4791064262033311,0.7222222222222222,0.5,0.5,0.5,0.5,2,0,0,0,0.0,0.0,0.0,0.0,,0.0,0.5,0.6666666666666666,0.6666666666666666,-0.16666666666666663,False,3,1,2,1,1.0,0.0,True,0.6494140625,1.2956402808921104,0.6666666666666666,0.2957356770833333,5.346531471706405,61.25000000000001,2
fold_07,one_month_confirmation,2024-02-29,2024-07-31,6,persistence,6,0.4791064262033311,0.7222222222222222,0.5,0.5,0.5,0.5,2,0,0,0,0.0,0.0,0.0,0.0,,0.0,0.5,0.6666666666666666,0.6666666666666666,-0.16666666666666663,False,3,1,2,1,1.0,0.0,True,0.6494140625,1.2956402808921104,0.6666666666666666,0.2957356770833333,5.346531471706405,61.25000000000001,2
fold_07,persistence_prior,2024-02-29,2024-07-31,6,persistence,6,0.4791064262033311,0.7222222222222222,0.0,0.0,0.0,0.0,2,0,0,0,0.0,0.0,0.0,0.0,,0.0,0.5,0.6666666666666666,0.6666666666666666,-0.6666666666666666,False,6,0,4,1,1.0,0.0,True,0.8814371744791667,1.726423196984565,0.0,0.40099283854166673,4.935861920271168,31.874999999999996,4
