fold_id,evaluation_start,evaluation_end,candidate_id,calibration_method,architecture_id,training_mode_regime,mode_accuracy,persistence_accuracy,strongest_baseline,strongest_baseline_accuracy,months,dimension_rmse,growth_bias,inflation_bias,labour_bias,exact_regime_accuracy,balanced_accuracy,macro_precision,macro_recall,macro_f1,family_accuracy,family_balanced_accuracy,family_macro_f1,transition_precision,transition_recall,transition_f1,false_transition_rate,actual_transition_count,predicted_transition_count,baseline_margin,beats_strongest_baseline,abstention_rate,unique_regimes,maximum_regime_share,regime_collapse,rank_component_macro_f1,rank_component_balanced_accuracy,rank_component_family_macro_f1,rank_component_family_balanced_accuracy,rank_component_baseline_margin,rank_component_transition_recall,rank_component_false_transition_rate,rank_component_dimension_rmse,fold_score,fold_rank
fold_01,2022-08-31,2023-01-31,none__direct_eight_state,none,direct_eight_state,overheating,0.0,0.5,persistence,0.5,6,0.7629915966073942,-0.11959477185026775,-0.3342636097790966,-0.19785418588341463,0.3333333333333333,0.27777777777777773,0.27777777777777773,0.27777777777777773,0.27777777777777773,0.6666666666666666,0.4,0.4000000000000001,0.2,0.5,0.28571428571428575,0.8,2,5,-0.16666666666666669,False,0.0,3,0.5,False,0.8888888888888888,0.9444444444444444,1.0,1.0,0.9444444444444444,0.9444444444444444,0.5,0.8888888888888888,92.05555555555556,1
fold_01,2022-08-31,2023-01-31,none__family_first,none,family_first,overheating,0.0,0.5,persistence,0.5,6,0.7629915966073942,-0.11959477185026775,-0.3342636097790966,-0.19785418588341463,0.3333333333333333,0.27777777777777773,0.4444444444444444,0.27777777777777773,0.3333333333333333,0.5,0.3,0.33333333333333326,0.2,0.5,0.28571428571428575,0.8,2,5,-0.16666666666666669,False,0.0,4,0.5,False,1.0,0.9444444444444444,0.8333333333333334,0.8333333333333334,0.9444444444444444,0.9444444444444444,0.5,0.8888888888888888,90.5,2
fold_01,2022-08-31,2023-01-31,expanding_affine_shrinkage__direct_eight_state,expanding_affine_shrinkage,direct_eight_state,overheating,0.0,0.5,persistence,0.5,6,0.8972974057817553,-0.9230131195337833,-0.14857004065520704,0.18344005064112337,0.16666666666666666,0.16666666666666666,0.08333333333333333,0.16666666666666666,0.1111111111111111,0.5,0.3,0.33333333333333326,0.0,0.0,0.0,1.0,2,4,-0.33333333333333337,False,0.0,2,0.6666666666666666,True,0.5555555555555556,0.6666666666666666,0.8333333333333334,0.8333333333333334,0.6666666666666666,0.4444444444444444,0.2222222222222222,0.5555555555555556,63.66666666666667,3
fold_01,2022-08-31,2023-01-31,expanding_affine_shrinkage__family_first,expanding_affine_shrinkage,family_first,overheating,0.0,0.5,persistence,0.5,6,0.8972974057817553,-0.9230131195337833,-0.14857004065520704,0.18344005064112337,0.16666666666666666,0.16666666666666666,0.3333333333333333,0.16666666666666666,0.2222222222222222,0.16666666666666666,0.1,0.16666666666666669,0.0,0.0,0.0,1.0,2,1,-0.33333333333333337,False,0.0,2,0.8333333333333334,True,0.7777777777777778,0.6666666666666666,0.5555555555555556,0.5555555555555556,0.6666666666666666,0.4444444444444444,0.2222222222222222,0.5555555555555556,61.88888888888889,4
fold_01,2022-08-31,2023-01-31,expanding_bias__direct_eight_state,expanding_bias,direct_eight_state,overheating,0.0,0.5,persistence,0.5,6,0.9637724003860253,-1.0408186641804755,-0.06073094409426553,0.34393720302995723,0.16666666666666666,0.16666666666666666,0.1111111111111111,0.16666666666666666,0.13333333333333333,0.3333333333333333,0.2,0.25,0.0,0.0,0.0,1.0,2,4,-0.33333333333333337,False,0.0,2,0.5,True,0.6666666666666666,0.6666666666666666,0.6666666666666666,0.6666666666666666,0.6666666666666666,0.4444444444444444,0.2222222222222222,0.2222222222222222,60.444444444444436,5
fold_01,2022-08-31,2023-01-31,none__family_first_interval_abstain,none,family_first_interval_abstain,overheating,0.0,0.5,persistence,0.5,6,0.7629915966073942,-0.11959477185026775,-0.3342636097790966,-0.19785418588341463,0.0,0.0,0.0,0.0,0.0,0.0,0.0,0.0,0.0,0.0,0.0,0.0,2,0,-0.5,False,1.0,1,1.0,True,0.2777777777777778,0.2777777777777778,0.2777777777777778,0.2777777777777778,0.2777777777777778,0.4444444444444444,0.8333333333333334,0.8888888888888888,34.94444444444445,6
fold_01,2022-08-31,2023-01-31,expanding_affine_shrinkage__family_first_interval_abstain,expanding_affine_shrinkage,family_first_interval_abstain,overheating,0.0,0.5,persistence,0.5,6,0.8972974057817553,-0.9230131195337833,-0.14857004065520704,0.18344005064112337,0.0,0.0,0.0,0.0,0.0,0.0,0.0,0.0,0.0,0.0,0.0,0.0,2,0,-0.5,False,1.0,1,1.0,True,0.2777777777777778,0.2777777777777778,0.2777777777777778,0.2777777777777778,0.2777777777777778,0.4444444444444444,0.8333333333333334,0.5555555555555556,33.277777777777786,7
fold_01,2022-08-31,2023-01-31,expanding_bias__family_first,expanding_bias,family_first,overheating,0.0,0.5,persistence,0.5,6,0.9637724003860253,-1.0408186641804755,-0.06073094409426553,0.34393720302995723,0.0,0.0,0.0,0.0,0.0,0.0,0.0,0.0,0.0,0.0,0.0,0.0,2,0,-0.5,False,0.0,1,1.0,True,0.2777777777777778,0.2777777777777778,0.2777777777777778,0.2777777777777778,0.2777777777777778,0.4444444444444444,0.8333333333333334,0.2222222222222222,31.611111111111118,8
fold_01,2022-08-31,2023-01-31,expanding_bias__family_first_interval_abstain,expanding_bias,family_first_interval_abstain,overheating,0.0,0.5,persistence,0.5,6,0.9637724003860253,-1.0408186641804755,-0.06073094409426553,0.34393720302995723,0.0,0.0,0.0,0.0,0.0,0.0,0.0,0.0,0.0,0.0,0.0,0.0,2,0,-0.5,False,1.0,1,1.0,True,0.2777777777777778,0.2777777777777778,0.2777777777777778,0.2777777777777778,0.2777777777777778,0.4444444444444444,0.8333333333333334,0.2222222222222222,31.611111111111118,8
fold_02,2022-11-30,2023-04-30,expanding_affine_shrinkage__direct_eight_state,expanding_affine_shrinkage,direct_eight_state,overheating,0.0,0.5,persistence,0.5,6,0.9004569435497181,-0.026085798858786147,0.14786420523825017,0.10447216308851415,0.16666666666666666,0.25,0.05,0.25,0.08333333333333334,0.3333333333333333,0.2222222222222222,0.16666666666666666,0.5,0.3333333333333333,0.4,0.5,3,2,-0.33333333333333337,False,0.0,2,0.8333333333333334,True,0.9444444444444444,0.9444444444444444,0.8333333333333334,0.8888888888888888,0.9444444444444444,0.6666666666666666,0.4444444444444444,0.8888888888888888,87.33333333333334,1
fold_02,2022-11-30,2023-04-30,expanding_bias__direct_eight_state,expanding_bias,direct_eight_state,overheating,0.0,0.5,persistence,0.5,6,0.9719350229646694,-0.12123461272774876,0.1980661570834795,0.23115852730099687,0.16666666666666666,0.25,0.05,0.25,0.08333333333333334,0.3333333333333333,0.2222222222222222,0.16666666666666666,0.5,0.3333333333333333,0.4,0.5,3,2,-0.33333333333333337,False,0.0,2,0.8333333333333334,True,0.9444444444444444,0.9444444444444444,0.8333333333333334,0.8888888888888888,0.9444444444444444,0.6666666666666666,0.4444444444444444,0.5555555555555556,85.66666666666669,2
fold_02,2022-11-30,2023-04-30,none__direct_eight_state,none,direct_eight_state,overheating,0.0,0.5,persistence,0.5,6,1.0481620590794127,0.7036652316625088,-0.10239561939965854,-0.25237019873773753,0.0,0.0,0.0,0.0,0.0,0.3333333333333333,0.2222222222222222,0.2222222222222222,0.25,0.3333333333333333,0.28571428571428575,0.75,3,4,-0.5,False,0.0,4,0.3333333333333333,False,0.4444444444444444,0.4444444444444444,1.0,0.8888888888888888,0.4444444444444444,0.6666666666666666,0.1111111111111111,0.2222222222222222,55.666666666666664,3
fold_02,2022-11-30,2023-04-30,none__family_first,none,family_first,overheating,0.0,0.5,persistence,0.5,6,1.0481620590794127,0.7036652316625088,-0.10239561939965854,-0.25237019873773753,0.0,0.0,0.0,0.0,0.0,0.16666666666666666,0.1111111111111111,0.09523809523809525,0.5,0.6666666666666666,0.5714285714285715,0.5,3,4,-0.5,False,0.0,4,0.3333333333333333,False,0.4444444444444444,0.4444444444444444,0.6666666666666666,0.6666666666666666,0.4444444444444444,1.0,0.4444444444444444,0.2222222222222222,53.1111111111111,4
fold_02,2022-11-30,2023-04-30,expanding_affine_shrinkage__family_first,expanding_affine_shrinkage,family_first,overheating,0.0,0.5,persistence,0.5,6,0.9004569435497181,-0.026085798858786147,0.14786420523825017,0.10447216308851415,0.0,0.0,0.0,0.0,0.0,0.0,0.0,0.0,0.5,0.3333333333333333,0.4,0.5,3,2,-0.5,False,0.0,2,0.6666666666666666,True,0.4444444444444444,0.4444444444444444,0.3333333333333333,0.3333333333333333,0.4444444444444444,0.6666666666666666,0.4444444444444444,0.8888888888888888,45.77777777777777,5
fold_02,2022-11-30,2023-04-30,expanding_affine_shrinkage__family_first_interval_abstain,expanding_affine_shrinkage,family_first_interval_abstain,overheating,0.0,0.5,persistence,0.5,6,0.9004569435497181,-0.026085798858786147,0.14786420523825017,0.10447216308851415,0.0,0.0,0.0,0.0,0.0,0.0,0.0,0.0,0.0,0.0,0.0,0.0,3,0,-0.5,False,1.0,1,1.0,True,0.4444444444444444,0.4444444444444444,0.3333333333333333,0.3333333333333333,0.4444444444444444,0.2222222222222222,0.8888888888888888,0.8888888888888888,44.44444444444444,6
fold_02,2022-11-30,2023-04-30,expanding_bias__family_first,expanding_bias,family_first,overheating,0.0,0.5,persistence,0.5,6,0.9719350229646694,-0.12123461272774876,0.1980661570834795,0.23115852730099687,0.0,0.0,0.0,0.0,0.0,0.0,0.0,0.0,0.5,0.3333333333333333,0.4,0.5,3,2,-0.5,False,0.0,2,0.6666666666666666,True,0.4444444444444444,0.4444444444444444,0.3333333333333333,0.3333333333333333,0.4444444444444444,0.6666666666666666,0.4444444444444444,0.5555555555555556,44.11111111111111,7
fold_02,2022-11-30,2023-04-30,expanding_bias__family_first_interval_abstain,expanding_bias,family_first_interval_abstain,overheating,0.0,0.5,persistence,0.5,6,0.9719350229646694,-0.12123461272774876,0.1980661570834795,0.23115852730099687,0.0,0.0,0.0,0.0,0.0,0.0,0.0,0.0,0.0,0.0,0.0,0.0,3,0,-0.5,False,1.0,1,1.0,True,0.4444444444444444,0.4444444444444444,0.3333333333333333,0.3333333333333333,0.4444444444444444,0.2222222222222222,0.8888888888888888,0.5555555555555556,42.77777777777778,8
fold_02,2022-11-30,2023-04-30,none__family_first_interval_abstain,none,family_first_interval_abstain,overheating,0.0,0.5,persistence,0.5,6,1.0481620590794127,0.7036652316625088,-0.10239561939965854,-0.25237019873773753,0.0,0.0,0.0,0.0,0.0,0.0,0.0,0.0,0.0,0.0,0.0,0.0,3,0,-0.5,False,1.0,1,1.0,True,0.4444444444444444,0.4444444444444444,0.3333333333333333,0.3333333333333333,0.4444444444444444,0.2222222222222222,0.8888888888888888,0.2222222222222222,41.11111111111111,9
fold_03,2023-02-28,2023-07-31,none__direct_eight_state,none,direct_eight_state,disinflationary_expansion,0.5,0.5,training_mode,0.5,6,0.8979449422578849,0.5431020707981117,0.015416014416985035,-0.06615232173538094,0.5,0.3333333333333333,0.25,0.3333333333333333,0.2857142857142857,0.6666666666666666,0.5,0.5,1.0,0.5,0.6666666666666666,0.0,2,1,0.0,False,0.0,2,0.6666666666666666,True,0.9444444444444444,0.8333333333333334,1.0,0.8333333333333334,0.9444444444444444,0.8888888888888888,0.6666666666666666,0.5555555555555556,88.33333333333333,1
fold_03,2023-02-28,2023-07-31,none__family_first,none,family_first,disinflationary_expansion,0.5,0.5,training_mode,0.5,6,0.8979449422578849,0.5431020707981117,0.015416014416985035,-0.06615232173538094,0.5,0.3333333333333333,0.25,0.3333333333333333,0.2857142857142857,0.6666666666666666,0.5,0.4,1.0,0.5,0.6666666666666666,0.0,2,1,0.0,False,0.0,2,0.6666666666666666,True,0.9444444444444444,0.8333333333333334,0.7777777777777778,0.8333333333333334,0.9444444444444444,0.8888888888888888,0.6666666666666666,0.5555555555555556,85.22222222222223,2
fold_03,2023-02-28,2023-07-31,expanding_affine_shrinkage__direct_eight_state,expanding_affine_shrinkage,direct_eight_state,disinflationary_expansion,0.5,0.5,training_mode,0.5,6,0.809724072704386,-0.1357074316181265,0.25004093370323555,0.25107974547179374,0.16666666666666666,0.3333333333333333,0.05555555555555555,0.3333333333333333,0.09523809523809523,0.6666666666666666,0.5,0.4,0.0,0.0,0.0,0.0,2,0,-0.33333333333333337,False,0.0,1,1.0,True,0.7222222222222222,0.8333333333333334,0.7777777777777778,0.8333333333333334,0.7222222222222222,0.3888888888888889,0.6666666666666666,0.8888888888888888,74.0,3
fold_03,2023-02-28,2023-07-31,expanding_bias__direct_eight_state,expanding_bias,direct_eight_state,disinflationary_expansion,0.5,0.5,training_mode,0.5,6,0.8991951557376435,-0.20465204416868343,0.299070504117527,0.41831620000633146,0.16666666666666666,0.3333333333333333,0.05555555555555555,0.3333333333333333,0.09523809523809523,0.6666666666666666,0.5,0.4,0.0,0.0,0.0,0.0,2,0,-0.33333333333333337,False,0.0,1,1.0,True,0.7222222222222222,0.8333333333333334,0.7777777777777778,0.8333333333333334,0.7222222222222222,0.3888888888888889,0.6666666666666666,0.2222222222222222,70.66666666666667,4
fold_03,2023-02-28,2023-07-31,expanding_affine_shrinkage__family_first,expanding_affine_shrinkage,family_first,disinflationary_expansion,0.5,0.5,training_mode,0.5,6,0.809724072704386,-0.1357074316181265,0.25004093370323555,0.25107974547179374,0.0,0.0,0.0,0.0,0.0,0.16666666666666666,0.125,0.2,0.3333333333333333,0.5,0.4,0.6666666666666666,2,3,-0.5,False,0.0,3,0.5,False,0.3333333333333333,0.3333333333333333,0.5555555555555556,0.5555555555555556,0.3333333333333333,0.8888888888888888,0.2222222222222222,0.8888888888888888,45.33333333333334,5
fold_03,2023-02-28,2023-07-31,expanding_affine_shrinkage__family_first_interval_abstain,expanding_affine_shrinkage,family_first_interval_abstain,disinflationary_expansion,0.5,0.5,training_mode,0.5,6,0.809724072704386,-0.1357074316181265,0.25004093370323555,0.25107974547179374,0.0,0.0,0.0,0.0,0.0,0.0,0.0,0.0,0.0,0.0,0.0,0.0,2,0,-0.5,False,1.0,1,1.0,True,0.3333333333333333,0.3333333333333333,0.2777777777777778,0.2777777777777778,0.3333333333333333,0.3888888888888889,0.6666666666666666,0.8888888888888888,36.888888888888886,6
fold_03,2023-02-28,2023-07-31,none__family_first_interval_abstain,none,family_first_interval_abstain,disinflationary_expansion,0.5,0.5,training_mode,0.5,6,0.8979449422578849,0.5431020707981117,0.015416014416985035,-0.06615232173538094,0.0,0.0,0.0,0.0,0.0,0.0,0.0,0.0,0.0,0.0,0.0,0.0,2,0,-0.5,False,1.0,1,1.0,True,0.3333333333333333,0.3333333333333333,0.2777777777777778,0.2777777777777778,0.3333333333333333,0.3888888888888889,0.6666666666666666,0.5555555555555556,35.22222222222222,7
fold_03,2023-02-28,2023-07-31,expanding_bias__family_first_interval_abstain,expanding_bias,family_first_interval_abstain,disinflationary_expansion,0.5,0.5,training_mode,0.5,6,0.8991951557376435,-0.20465204416868343,0.299070504117527,0.41831620000633146,0.0,0.0,0.0,0.0,0.0,0.0,0.0,0.0,0.0,0.0,0.0,0.0,2,0,-0.5,False,1.0,1,1.0,True,0.3333333333333333,0.3333333333333333,0.2777777777777778,0.2777777777777778,0.3333333333333333,0.3888888888888889,0.6666666666666666,0.2222222222222222,33.55555555555556,8
fold_03,2023-02-28,2023-07-31,expanding_bias__family_first,expanding_bias,family_first,disinflationary_expansion,0.5,0.5,training_mode,0.5,6,0.8991951557376435,-0.20465204416868343,0.299070504117527,0.41831620000633146,0.0,0.0,0.0,0.0,0.0,0.0,0.0,0.0,0.0,0.0,0.0,1.0,2,1,-0.5,False,0.0,2,0.6666666666666666,True,0.3333333333333333,0.3333333333333333,0.2777777777777778,0.2777777777777778,0.3333333333333333,0.3888888888888889,0.1111111111111111,0.2222222222222222,30.777777777777775,9
fold_04,2023-05-31,2023-10-31,none__direct_eight_state,none,direct_eight_state,disinflationary_expansion,0.8333333333333334,0.5,training_mode,0.8333333333333334,6,0.8343802976617143,-0.9249475204255327,0.10888734350913426,0.3186054397697811,0.6666666666666666,0.4,0.5,0.4,0.4444444444444445,0.8333333333333334,0.5,0.45454545454545453,0.0,0.0,0.0,1.0,2,1,-0.16666666666666674,False,0.0,2,0.6666666666666666,True,0.9444444444444444,0.6111111111111112,0.7222222222222222,0.6666666666666666,0.9444444444444444,0.5555555555555556,0.2777777777777778,0.8888888888888888,75.83333333333331,1
fold_04,2023-05-31,2023-10-31,none__family_first,none,family_first,disinflationary_expansion,0.8333333333333334,0.5,training_mode,0.8333333333333334,6,0.8343802976617143,-0.9249475204255327,0.10888734350913426,0.3186054397697811,0.6666666666666666,0.4,0.5,0.4,0.4444444444444445,0.8333333333333334,0.5,0.45454545454545453,0.0,0.0,0.0,1.0,2,1,-0.16666666666666674,False,0.0,2,0.6666666666666666,True,0.9444444444444444,0.6111111111111112,0.7222222222222222,0.6666666666666666,0.9444444444444444,0.5555555555555556,0.2777777777777778,0.8888888888888888,75.83333333333331,1
fold_04,2023-05-31,2023-10-31,none__family_first_interval_abstain,none,family_first_interval_abstain,disinflationary_expansion,0.8333333333333334,0.5,training_mode,0.8333333333333334,6,0.8343802976617143,-0.9249475204255327,0.10888734350913426,0.3186054397697811,0.16666666666666666,0.5,0.08333333333333333,0.5,0.14285714285714285,0.16666666666666666,0.5,0.14285714285714285,0.0,0.0,0.0,0.0,2,0,-0.6666666666666667,False,1.0,1,1.0,True,0.6666666666666666,0.8888888888888888,0.4444444444444444,0.6666666666666666,0.6666666666666666,0.5555555555555556,0.7777777777777778,0.8888888888888888,68.33333333333333,3
fold_04,2023-05-31,2023-10-31,expanding_affine_shrinkage__family_first_interval_abstain,expanding_affine_shrinkage,family_first_interval_abstain,disinflationary_expansion,0.8333333333333334,0.5,training_mode,0.8333333333333334,6,1.130763440891247,-1.5710947024736643,0.3265885883710775,0.5344677117392035,0.16666666666666666,0.5,0.08333333333333333,0.5,0.14285714285714285,0.16666666666666666,0.5,0.14285714285714285,0.0,0.0,0.0,0.0,2,0,-0.6666666666666667,False,1.0,1,1.0,True,0.6666666666666666,0.8888888888888888,0.4444444444444444,0.6666666666666666,0.6666666666666666,0.5555555555555556,0.7777777777777778,0.5555555555555556,66.66666666666666,4
fold_04,2023-05-31,2023-10-31,expanding_bias__family_first_interval_abstain,expanding_bias,family_first_interval_abstain,disinflationary_expansion,0.8333333333333334,0.5,training_mode,0.8333333333333334,6,1.271206318431492,-1.7311958859345982,0.3788774035178908,0.7665713154545161,0.16666666666666666,0.5,0.08333333333333333,0.5,0.14285714285714285,0.16666666666666666,0.5,0.14285714285714285,0.0,0.0,0.0,0.0,2,0,-0.6666666666666667,False,1.0,1,1.0,True,0.6666666666666666,0.8888888888888888,0.4444444444444444,0.6666666666666666,0.6666666666666666,0.5555555555555556,0.7777777777777778,0.2222222222222222,64.99999999999999,5
fold_04,2023-05-31,2023-10-31,expanding_affine_shrinkage__direct_eight_state,expanding_affine_shrinkage,direct_eight_state,disinflationary_expansion,0.8333333333333334,0.5,training_mode,0.8333333333333334,6,1.130763440891247,-1.5710947024736643,0.3265885883710775,0.5344677117392035,0.0,0.0,0.0,0.0,0.0,0.8333333333333334,0.5,0.5,0.0,0.0,0.0,1.0,2,2,-0.8333333333333334,False,0.0,2,0.8333333333333334,True,0.2777777777777778,0.2777777777777778,0.9444444444444444,0.6666666666666666,0.2777777777777778,0.5555555555555556,0.2777777777777778,0.5555555555555556,44.611111111111114,6
fold_04,2023-05-31,2023-10-31,expanding_bias__direct_eight_state,expanding_bias,direct_eight_state,disinflationary_expansion,0.8333333333333334,0.5,training_mode,0.8333333333333334,6,1.271206318431492,-1.7311958859345982,0.3788774035178908,0.7665713154545161,0.0,0.0,0.0,0.0,0.0,0.8333333333333334,0.5,0.5,0.0,0.0,0.0,1.0,2,2,-0.8333333333333334,False,0.0,2,0.8333333333333334,True,0.2777777777777778,0.2777777777777778,0.9444444444444444,0.6666666666666666,0.2777777777777778,0.5555555555555556,0.2777777777777778,0.2222222222222222,42.94444444444444,7
fold_04,2023-05-31,2023-10-31,expanding_affine_shrinkage__family_first,expanding_affine_shrinkage,family_first,disinflationary_expansion,0.8333333333333334,0.5,training_mode,0.8333333333333334,6,1.130763440891247,-1.5710947024736643,0.3265885883710775,0.5344677117392035,0.0,0.0,0.0,0.0,0.0,0.0,0.0,0.0,0.0,0.0,0.0,0.0,2,0,-0.8333333333333334,False,0.0,1,1.0,True,0.2777777777777778,0.2777777777777778,0.16666666666666666,0.16666666666666666,0.2777777777777778,0.5555555555555556,0.7777777777777778,0.5555555555555556,31.22222222222223,8
fold_04,2023-05-31,2023-10-31,expanding_bias__family_first,expanding_bias,family_first,disinflationary_expansion,0.8333333333333334,0.5,training_mode,0.8333333333333334,6,1.271206318431492,-1.7311958859345982,0.3788774035178908,0.7665713154545161,0.0,0.0,0.0,0.0,0.0,0.0,0.0,0.0,0.0,0.0,0.0,0.0,2,0,-0.8333333333333334,False,0.0,1,1.0,True,0.2777777777777778,0.2777777777777778,0.16666666666666666,0.16666666666666666,0.2777777777777778,0.5555555555555556,0.7777777777777778,0.2222222222222222,29.555555555555564,9
fold_05,2023-08-31,2024-01-31,none__direct_eight_state,none,direct_eight_state,disinflationary_expansion,0.6666666666666666,0.5,training_mode,0.6666666666666666,6,0.8387209939432276,-0.7734110935884523,-0.01548999359327885,0.24497839208619307,0.5,0.25,0.25,0.25,0.25,0.6666666666666666,0.3333333333333333,0.26666666666666666,0.5,0.3333333333333333,0.4,0.5,3,2,-0.16666666666666663,False,0.0,2,0.6666666666666666,True,0.9444444444444444,0.5,0.7222222222222222,0.6111111111111112,0.9444444444444444,0.9444444444444444,0.5,0.8888888888888888,77.50000000000001,1
fold_05,2023-08-31,2024-01-31,none__family_first,none,family_first,disinflationary_expansion,0.6666666666666666,0.5,training_mode,0.6666666666666666,6,0.8387209939432276,-0.7734110935884523,-0.01548999359327885,0.24497839208619307,0.5,0.25,0.25,0.25,0.25,0.6666666666666666,0.3333333333333333,0.26666666666666666,0.5,0.3333333333333333,0.4,0.5,3,2,-0.16666666666666663,False,0.0,2,0.6666666666666666,True,0.9444444444444444,0.5,0.7222222222222222,0.6111111111111112,0.9444444444444444,0.9444444444444444,0.5,0.8888888888888888,77.50000000000001,1
fold_05,2023-08-31,2024-01-31,none__family_first_interval_abstain,none,family_first_interval_abstain,disinflationary_expansion,0.6666666666666666,0.5,training_mode,0.6666666666666666,6,0.8387209939432276,-0.7734110935884523,-0.01548999359327885,0.24497839208619307,0.16666666666666666,0.3333333333333333,0.05555555555555555,0.3333333333333333,0.09523809523809523,0.16666666666666666,0.3333333333333333,0.09523809523809523,0.0,0.0,0.0,0.0,3,0,-0.5,False,1.0,1,1.0,True,0.6111111111111112,0.8333333333333334,0.2777777777777778,0.6111111111111112,0.6111111111111112,0.4444444444444444,0.8333333333333334,0.8888888888888888,61.61111111111111,3
fold_05,2023-08-31,2024-01-31,expanding_affine_shrinkage__family_first_interval_abstain,expanding_affine_shrinkage,family_first_interval_abstain,disinflationary_expansion,0.6666666666666666,0.5,training_mode,0.6666666666666666,6,1.0500304845937318,-1.330435023454818,0.1640718819999906,0.42659971170098737,0.16666666666666666,0.3333333333333333,0.05555555555555555,0.3333333333333333,0.09523809523809523,0.16666666666666666,0.3333333333333333,0.09523809523809523,0.0,0.0,0.0,0.0,3,0,-0.5,False,1.0,1,1.0,True,0.6111111111111112,0.8333333333333334,0.2777777777777778,0.6111111111111112,0.6111111111111112,0.4444444444444444,0.8333333333333334,0.5555555555555556,59.94444444444444,4
fold_05,2023-08-31,2024-01-31,expanding_bias__family_first,expanding_bias,family_first,disinflationary_expansion,0.6666666666666666,0.5,training_mode,0.6666666666666666,6,1.1799854427083496,-1.491929202245436,0.22544013837618784,0.6696874566841436,0.16666666666666666,0.3333333333333333,0.05555555555555555,0.3333333333333333,0.09523809523809523,0.16666666666666666,0.3333333333333333,0.09523809523809523,0.0,0.0,0.0,0.0,3,0,-0.5,False,0.0,1,1.0,True,0.6111111111111112,0.8333333333333334,0.2777777777777778,0.6111111111111112,0.6111111111111112,0.4444444444444444,0.8333333333333334,0.2222222222222222,58.27777777777777,5
fold_05,2023-08-31,2024-01-31,expanding_bias__family_first_interval_abstain,expanding_bias,family_first_interval_abstain,disinflationary_expansion,0.6666666666666666,0.5,training_mode,0.6666666666666666,6,1.1799854427083496,-1.491929202245436,0.22544013837618784,0.6696874566841436,0.16666666666666666,0.3333333333333333,0.05555555555555555,0.3333333333333333,0.09523809523809523,0.16666666666666666,0.3333333333333333,0.09523809523809523,0.0,0.0,0.0,0.0,3,0,-0.5,False,1.0,1,1.0,True,0.6111111111111112,0.8333333333333334,0.2777777777777778,0.6111111111111112,0.6111111111111112,0.4444444444444444,0.8333333333333334,0.2222222222222222,58.27777777777777,5
fold_05,2023-08-31,2024-01-31,expanding_affine_shrinkage__direct_eight_state,expanding_affine_shrinkage,direct_eight_state,disinflationary_expansion,0.6666666666666666,0.5,training_mode,0.6666666666666666,6,1.0500304845937318,-1.330435023454818,0.1640718819999906,0.42659971170098737,0.0,0.0,0.0,0.0,0.0,0.6666666666666666,0.3333333333333333,0.29629629629629634,0.0,0.0,0.0,1.0,3,2,-0.6666666666666666,False,0.0,2,0.8333333333333334,True,0.2222222222222222,0.2222222222222222,0.9444444444444444,0.6111111111111112,0.2222222222222222,0.4444444444444444,0.2222222222222222,0.5555555555555556,39.66666666666667,7
fold_05,2023-08-31,2024-01-31,expanding_bias__direct_eight_state,expanding_bias,direct_eight_state,disinflationary_expansion,0.6666666666666666,0.5,training_mode,0.6666666666666666,6,1.1799854427083496,-1.491929202245436,0.22544013837618784,0.6696874566841436,0.0,0.0,0.0,0.0,0.0,0.6666666666666666,0.3333333333333333,0.29629629629629634,0.0,0.0,0.0,1.0,3,2,-0.6666666666666666,False,0.0,2,0.8333333333333334,True,0.2222222222222222,0.2222222222222222,0.9444444444444444,0.6111111111111112,0.2222222222222222,0.4444444444444444,0.2222222222222222,0.2222222222222222,38.00000000000001,8
fold_05,2023-08-31,2024-01-31,expanding_affine_shrinkage__family_first,expanding_affine_shrinkage,family_first,disinflationary_expansion,0.6666666666666666,0.5,training_mode,0.6666666666666666,6,1.0500304845937318,-1.330435023454818,0.1640718819999906,0.42659971170098737,0.0,0.0,0.0,0.0,0.0,0.5,0.25,0.25,0.0,0.0,0.0,1.0,3,2,-0.6666666666666666,False,0.0,2,0.6666666666666666,True,0.2222222222222222,0.2222222222222222,0.5555555555555556,0.1111111111111111,0.2222222222222222,0.4444444444444444,0.2222222222222222,0.5555555555555556,29.22222222222223,9
fold_06,2023-11-30,2024-04-30,expanding_affine_shrinkage__family_first,expanding_affine_shrinkage,family_first,disinflationary_expansion,0.5,0.6666666666666666,persistence,0.6666666666666666,6,0.5950561446301069,-0.20823015523778524,0.07380282479716853,0.26678101647514163,0.3333333333333333,0.3333333333333333,0.75,0.3333333333333333,0.45,0.6666666666666666,0.6666666666666666,0.6785714285714286,0.25,0.5,0.3333333333333333,0.75,2,4,-0.3333333333333333,False,0.0,4,0.3333333333333333,False,1.0,0.7777777777777778,0.9444444444444444,0.8888888888888888,0.7777777777777778,0.7777777777777778,0.2222222222222222,0.5555555555555556,82.22222222222221,1
fold_06,2023-11-30,2024-04-30,none__direct_eight_state,none,direct_eight_state,disinflationary_expansion,0.5,0.6666666666666666,persistence,0.6666666666666666,6,0.5830100052204169,0.22600969320797937,-0.09610826378871144,0.11040687835411216,0.5,0.5,0.3,0.5,0.37499999999999994,0.5,0.5,0.3333333333333333,0.5,0.5,0.5,0.5,2,2,-0.16666666666666663,False,0.0,2,0.8333333333333334,True,0.8333333333333334,0.9444444444444444,0.5555555555555556,0.5555555555555556,0.9444444444444444,0.7777777777777778,0.5555555555555556,0.8888888888888888,79.11111111111111,2
fold_06,2023-11-30,2024-04-30,none__family_first,none,family_first,disinflationary_expansion,0.5,0.6666666666666666,persistence,0.6666666666666666,6,0.5830100052204169,0.22600969320797937,-0.09610826378871144,0.11040687835411216,0.5,0.5,0.3,0.5,0.37499999999999994,0.5,0.5,0.3333333333333333,0.5,0.5,0.5,0.5,2,2,-0.16666666666666663,False,0.0,2,0.8333333333333334,True,0.8333333333333334,0.9444444444444444,0.5555555555555556,0.5555555555555556,0.9444444444444444,0.7777777777777778,0.5555555555555556,0.8888888888888888,79.11111111111111,2
fold_06,2023-11-30,2024-04-30,expanding_bias__family_first,expanding_bias,family_first,disinflationary_expansion,0.5,0.6666666666666666,persistence,0.6666666666666666,6,0.6564013141086572,-0.34941255417647304,0.12336480908432634,0.4561632453115782,0.16666666666666666,0.16666666666666666,0.5,0.16666666666666666,0.25,0.6666666666666666,0.6666666666666666,0.6785714285714286,0.3333333333333333,0.5,0.4,0.6666666666666666,2,3,-0.5,False,0.0,3,0.6666666666666666,False,0.6111111111111112,0.5555555555555556,0.9444444444444444,0.8888888888888888,0.5555555555555556,0.7777777777777778,0.3333333333333333,0.2222222222222222,64.55555555555556,4
fold_06,2023-11-30,2024-04-30,expanding_bias__direct_eight_state,expanding_bias,direct_eight_state,disinflationary_expansion,0.5,0.6666666666666666,persistence,0.6666666666666666,6,0.6564013141086572,-0.34941255417647304,0.12336480908432634,0.4561632453115782,0.16666666666666666,0.16666666666666666,0.5,0.16666666666666666,0.25,0.6666666666666666,0.6666666666666666,0.625,0.5,0.5,0.5,0.5,2,2,-0.5,False,0.0,2,0.8333333333333334,True,0.6111111111111112,0.5555555555555556,0.7777777777777778,0.8888888888888888,0.5555555555555556,0.7777777777777778,0.5555555555555556,0.2222222222222222,63.33333333333333,5
fold_06,2023-11-30,2024-04-30,expanding_affine_shrinkage__direct_eight_state,expanding_affine_shrinkage,direct_eight_state,disinflationary_expansion,0.5,0.6666666666666666,persistence,0.6666666666666666,6,0.5950561446301069,-0.20823015523778524,0.07380282479716853,0.26678101647514163,0.16666666666666666,0.16666666666666666,0.25,0.16666666666666666,0.2,0.5,0.5,0.3333333333333333,0.0,0.0,0.0,1.0,2,2,-0.5,False,0.0,2,0.6666666666666666,True,0.4444444444444444,0.5555555555555556,0.5555555555555556,0.5555555555555556,0.5555555555555556,0.2777777777777778,0.1111111111111111,0.5555555555555556,48.666666666666664,6
fold_06,2023-11-30,2024-04-30,none__family_first_interval_abstain,none,family_first_interval_abstain,disinflationary_expansion,0.5,0.6666666666666666,persistence,0.6666666666666666,6,0.5830100052204169,0.22600969320797937,-0.09610826378871144,0.11040687835411216,0.0,0.0,0.0,0.0,0.0,0.0,0.0,0.0,0.0,0.0,0.0,0.0,2,0,-0.6666666666666666,False,1.0,1,1.0,True,0.2222222222222222,0.2222222222222222,0.2222222222222222,0.2222222222222222,0.2222222222222222,0.2777777777777778,0.8888888888888888,0.8888888888888888,29.333333333333332,7
fold_06,2023-11-30,2024-04-30,expanding_affine_shrinkage__family_first_interval_abstain,expanding_affine_shrinkage,family_first_interval_abstain,disinflationary_expansion,0.5,0.6666666666666666,persistence,0.6666666666666666,6,0.5950561446301069,-0.20823015523778524,0.07380282479716853,0.26678101647514163,0.0,0.0,0.0,0.0,0.0,0.0,0.0,0.0,0.0,0.0,0.0,0.0,2,0,-0.6666666666666666,False,1.0,1,1.0,True,0.2222222222222222,0.2222222222222222,0.2222222222222222,0.2222222222222222,0.2222222222222222,0.2777777777777778,0.8888888888888888,0.5555555555555556,27.666666666666668,8
fold_06,2023-11-30,2024-04-30,expanding_bias__family_first_interval_abstain,expanding_bias,family_first_interval_abstain,disinflationary_expansion,0.5,0.6666666666666666,persistence,0.6666666666666666,6,0.6564013141086572,-0.34941255417647304,0.12336480908432634,0.4561632453115782,0.0,0.0,0.0,0.0,0.0,0.0,0.0,0.0,0.0,0.0,0.0,0.0,2,0,-0.6666666666666666,False,1.0,1,1.0,True,0.2222222222222222,0.2222222222222222,0.2222222222222222,0.2222222222222222,0.2222222222222222,0.2777777777777778,0.8888888888888888,0.2222222222222222,26.0,9
fold_07,2024-02-29,2024-07-31,none__direct_eight_state,none,direct_eight_state,disinflationary_expansion,0.5,0.6666666666666666,persistence,0.6666666666666666,6,0.47910642620333116,0.09170252522559336,0.12291070880843041,0.33681952575556906,0.6666666666666666,0.6666666666666666,0.5833333333333334,0.6666666666666666,0.6190476190476191,0.6666666666666666,0.6666666666666666,0.5833333333333334,1.0,1.0,1.0,0.0,2,2,0.0,False,0.0,3,0.6666666666666666,False,0.9444444444444444,0.9444444444444444,0.9444444444444444,0.9444444444444444,0.9444444444444444,0.9444444444444444,0.7777777777777778,0.8888888888888888,93.33333333333333,1
fold_07,2024-02-29,2024-07-31,none__family_first,none,family_first,disinflationary_expansion,0.5,0.6666666666666666,persistence,0.6666666666666666,6,0.47910642620333116,0.09170252522559336,0.12291070880843041,0.33681952575556906,0.6666666666666666,0.6666666666666666,0.5833333333333334,0.6666666666666666,0.6190476190476191,0.6666666666666666,0.6666666666666666,0.5833333333333334,1.0,1.0,1.0,0.0,2,2,0.0,False,0.0,3,0.6666666666666666,False,0.9444444444444444,0.9444444444444444,0.9444444444444444,0.9444444444444444,0.9444444444444444,0.9444444444444444,0.7777777777777778,0.8888888888888888,93.33333333333333,1
fold_07,2024-02-29,2024-07-31,none__family_first_interval_abstain,none,family_first_interval_abstain,disinflationary_expansion,0.5,0.6666666666666666,persistence,0.6666666666666666,6,0.47910642620333116,0.09170252522559336,0.12291070880843041,0.33681952575556906,0.16666666666666666,0.3333333333333333,0.05555555555555555,0.3333333333333333,0.09523809523809523,0.16666666666666666,0.3333333333333333,0.09523809523809523,0.0,0.0,0.0,0.0,2,0,-0.5,False,1.0,1,1.0,True,0.5555555555555556,0.6666666666666666,0.2222222222222222,0.5,0.6111111111111112,0.4444444444444444,0.7777777777777778,0.8888888888888888,55.222222222222214,3
fold_07,2024-02-29,2024-07-31,expanding_affine_shrinkage__family_first_interval_abstain,expanding_affine_shrinkage,family_first_interval_abstain,disinflationary_expansion,0.5,0.6666666666666666,persistence,0.6666666666666666,6,0.5687010371696813,-0.23029879747837237,0.2767582393645658,0.5867058271443416,0.16666666666666666,0.3333333333333333,0.05555555555555555,0.3333333333333333,0.09523809523809523,0.16666666666666666,0.3333333333333333,0.09523809523809523,0.0,0.0,0.0,0.0,2,0,-0.5,False,1.0,1,1.0,True,0.5555555555555556,0.6666666666666666,0.2222222222222222,0.5,0.6111111111111112,0.4444444444444444,0.7777777777777778,0.5555555555555556,53.55555555555556,4
fold_07,2024-02-29,2024-07-31,expanding_bias__family_first,expanding_bias,family_first,disinflationary_expansion,0.5,0.6666666666666666,persistence,0.6666666666666666,6,0.6627356655546531,-0.4403244331507106,0.3356608234808736,0.6778176582680019,0.16666666666666666,0.16666666666666666,0.08333333333333333,0.16666666666666666,0.1111111111111111,0.3333333333333333,0.27777777777777773,0.27777777777777773,0.0,0.0,0.0,1.0,2,3,-0.5,False,0.0,3,0.6666666666666666,False,0.7777777777777778,0.4444444444444444,0.6666666666666666,0.1111111111111111,0.6111111111111112,0.4444444444444444,0.2777777777777778,0.2222222222222222,52.6111111111111,5
fold_07,2024-02-29,2024-07-31,expanding_bias__family_first_interval_abstain,expanding_bias,family_first_interval_abstain,disinflationary_expansion,0.5,0.6666666666666666,persistence,0.6666666666666666,6,0.6627356655546531,-0.4403244331507106,0.3356608234808736,0.6778176582680019,0.16666666666666666,0.3333333333333333,0.05555555555555555,0.3333333333333333,0.09523809523809523,0.16666666666666666,0.3333333333333333,0.09523809523809523,0.0,0.0,0.0,0.0,2,0,-0.5,False,1.0,1,1.0,True,0.5555555555555556,0.6666666666666666,0.2222222222222222,0.5,0.6111111111111112,0.4444444444444444,0.7777777777777778,0.2222222222222222,51.888888888888886,6
fold_07,2024-02-29,2024-07-31,expanding_affine_shrinkage__family_first,expanding_affine_shrinkage,family_first,disinflationary_expansion,0.5,0.6666666666666666,persistence,0.6666666666666666,6,0.5687010371696813,-0.23029879747837237,0.2767582393645658,0.5867058271443416,0.0,0.0,0.0,0.0,0.0,0.5,0.3333333333333333,0.2857142857142857,0.0,0.0,0.0,1.0,2,2,-0.6666666666666666,False,0.0,3,0.6666666666666666,False,0.2222222222222222,0.2222222222222222,0.7777777777777778,0.5,0.2222222222222222,0.4444444444444444,0.2777777777777778,0.5555555555555556,36.5,7
fold_07,2024-02-29,2024-07-31,expanding_affine_shrinkage__direct_eight_state,expanding_affine_shrinkage,direct_eight_state,disinflationary_expansion,0.5,0.6666666666666666,persistence,0.6666666666666666,6,0.5687010371696813,-0.23029879747837237,0.2767582393645658,0.5867058271443416,0.0,0.0,0.0,0.0,0.0,0.5,0.3333333333333333,0.24999999999999997,0.0,0.0,0.0,1.0,2,1,-0.6666666666666666,False,0.0,2,0.8333333333333334,True,0.2222222222222222,0.2222222222222222,0.5,0.5,0.2222222222222222,0.4444444444444444,0.2777777777777778,0.5555555555555556,32.611111111111114,8
fold_07,2024-02-29,2024-07-31,expanding_bias__direct_eight_state,expanding_bias,direct_eight_state,disinflationary_expansion,0.5,0.6666666666666666,persistence,0.6666666666666666,6,0.6627356655546531,-0.4403244331507106,0.3356608234808736,0.6778176582680019,0.0,0.0,0.0,0.0,0.0,0.5,0.3333333333333333,0.24999999999999997,0.0,0.0,0.0,1.0,2,1,-0.6666666666666666,False,0.0,2,0.8333333333333334,True,0.2222222222222222,0.2222222222222222,0.5,0.5,0.2222222222222222,0.4444444444444444,0.2777777777777778,0.2222222222222222,30.944444444444446,9
